-- MySQL dump 10.13  Distrib 8.0.13, for Win64 (x86_64)
--
-- Host: localhost    Database: isql
-- ------------------------------------------------------
-- Server version	8.0.13

/*!40101 SET @OLD_CHARACTER_SET_CLIENT=@@CHARACTER_SET_CLIENT */;
/*!40101 SET @OLD_CHARACTER_SET_RESULTS=@@CHARACTER_SET_RESULTS */;
/*!40101 SET @OLD_COLLATION_CONNECTION=@@COLLATION_CONNECTION */;
 SET NAMES utf8mb4 ;
/*!40103 SET @OLD_TIME_ZONE=@@TIME_ZONE */;
/*!40103 SET TIME_ZONE='+00:00' */;
/*!40014 SET @OLD_UNIQUE_CHECKS=@@UNIQUE_CHECKS, UNIQUE_CHECKS=0 */;
/*!40014 SET @OLD_FOREIGN_KEY_CHECKS=@@FOREIGN_KEY_CHECKS, FOREIGN_KEY_CHECKS=0 */;
/*!40101 SET @OLD_SQL_MODE=@@SQL_MODE, SQL_MODE='NO_AUTO_VALUE_ON_ZERO' */;
/*!40111 SET @OLD_SQL_NOTES=@@SQL_NOTES, SQL_NOTES=0 */;

--
-- Table structure for table `batch`
--

DROP TABLE IF EXISTS `batch`;
/*!40101 SET @saved_cs_client     = @@character_set_client */;
 SET character_set_client = utf8mb4 ;
CREATE TABLE `batch` (
  `batchcode` varchar(20) NOT NULL,
  `startdate` date NOT NULL,
  `trainercode` decimal(6,0) NOT NULL,
  `modulecode` varchar(20) NOT NULL,
  `batchtype` varchar(10) NOT NULL,
  PRIMARY KEY (`batchcode`),
  KEY `modulecode` (`modulecode`),
  KEY `trainercode` (`trainercode`),
  CONSTRAINT `batch_ibfk_1` FOREIGN KEY (`modulecode`) REFERENCES `module` (`modulecode`),
  CONSTRAINT `batch_ibfk_2` FOREIGN KEY (`trainercode`) REFERENCES `trainer` (`trainercode`)
) ENGINE=InnoDB DEFAULT CHARSET=latin1;
/*!40101 SET character_set_client = @saved_cs_client */;

--
-- Dumping data for table `batch`
--

LOCK TABLES `batch` WRITE;
/*!40000 ALTER TABLE `batch` DISABLE KEYS */;
/*!40000 ALTER TABLE `batch` ENABLE KEYS */;
UNLOCK TABLES;

--
-- Table structure for table `benefits`
--

DROP TABLE IF EXISTS `benefits`;
/*!40101 SET @saved_cs_client     = @@character_set_client */;
 SET character_set_client = utf8mb4 ;
CREATE TABLE `benefits` (
  `benefitid` int(11) NOT NULL AUTO_INCREMENT,
  `info` text NOT NULL,
  `modulecode` text NOT NULL,
  PRIMARY KEY (`benefitid`)
) ENGINE=InnoDB DEFAULT CHARSET=utf8;
/*!40101 SET character_set_client = @saved_cs_client */;

--
-- Dumping data for table `benefits`
--

LOCK TABLES `benefits` WRITE;
/*!40000 ALTER TABLE `benefits` DISABLE KEYS */;
/*!40000 ALTER TABLE `benefits` ENABLE KEYS */;
UNLOCK TABLES;

--
-- Table structure for table `course`
--

DROP TABLE IF EXISTS `course`;
/*!40101 SET @saved_cs_client     = @@character_set_client */;
 SET character_set_client = utf8mb4 ;
CREATE TABLE `course` (
  `coursecode` varchar(15) NOT NULL,
  `courseName` varchar(50) NOT NULL,
  PRIMARY KEY (`coursecode`)
) ENGINE=InnoDB DEFAULT CHARSET=latin1;
/*!40101 SET character_set_client = @saved_cs_client */;

--
-- Dumping data for table `course`
--

LOCK TABLES `course` WRITE;
/*!40000 ALTER TABLE `course` DISABLE KEYS */;
INSERT INTO `course` VALUES ('AN','ANGULAR4'),('AN & NO','ANGULAR4 & NODE JS'),('APEX','ORACLE APPLICATION EXPRESS WORKSHOP'),('CDBA','12c CORE DATABASE ADMINISTRATION'),('CORE JAVA','CORE JAVA'),('FS','FULL STACK DEVELOPMENT'),('GG','ORACLE GOLDEN GATE 12C FUNDAMENTALS'),('IJAD','ISQL JAVA APPLICATION DEVELOPER'),('MYSQL','MY SQL FOR DATABASE ADMINISTRATORS'),('NF','12c NEW FEATURES FOR ADMINISTRATORS'),('NO','NODE JS'),('OBE','12c ORACLE BACK END DEVELOPER'),('ODBA','12c ORACLE DATABASE ADMINISTRATION '),('OJAD','12c ORACLE JAVA APPLICATION DEVELOPER'),('PL/SQL','12c PL/SQL PROGRAM'),('PT','11g PERFORMANCE TUNING'),('RAC','12c REAL APPLICATION CLUSTER'),('SQL','12c SQL'),('WL','WEBLOGIC SERVER 12C ADMINISTRATION'),('WS I','12c DATABASE ADMINISTRATION WORKSHOP I'),('WS II','12c DATABASE ADMINISTRATION WORKSHOP II');
/*!40000 ALTER TABLE `course` ENABLE KEYS */;
UNLOCK TABLES;

--
-- Table structure for table `course_module_map`
--

DROP TABLE IF EXISTS `course_module_map`;
/*!40101 SET @saved_cs_client     = @@character_set_client */;
 SET character_set_client = utf8mb4 ;
CREATE TABLE `course_module_map` (
  `coursecode` varchar(20) NOT NULL,
  `modulecode` varchar(20) NOT NULL,
  PRIMARY KEY (`coursecode`,`modulecode`),
  KEY `modulecode` (`modulecode`),
  CONSTRAINT `course_module_map_ibfk_1` FOREIGN KEY (`coursecode`) REFERENCES `course` (`coursecode`),
  CONSTRAINT `course_module_map_ibfk_2` FOREIGN KEY (`modulecode`) REFERENCES `module` (`modulecode`)
) ENGINE=InnoDB DEFAULT CHARSET=latin1;
/*!40101 SET character_set_client = @saved_cs_client */;

--
-- Dumping data for table `course_module_map`
--

LOCK TABLES `course_module_map` WRITE;
/*!40000 ALTER TABLE `course_module_map` DISABLE KEYS */;
INSERT INTO `course_module_map` VALUES ('FS','D100'),('AN & NO','D101'),('FS','D101'),('NO','D101'),('FS','D102'),('AN','D103'),('AN & NO','D103'),('FS','D103'),('PT','D50317GC20S'),('IJAD','D65271GC11S'),('NF','D77758GC20S'),('CDBA','D78846GC20S'),('ODBA','D78846GC20S'),('WS I','D78846GC20S'),('CDBA','D78850GC20S'),('ODBA','D78850GC20S'),('WS II','D78850GC20S'),('CDBA','D79128GC10S'),('ODBA','D79128GC10S'),('WS II','D79128GC10S'),('WL','D80149GC20'),('OBE','D80174GC11S'),('ODBA','D80174GC11S'),('OJAD','D80174GC11S'),('SQL','D80174GC11S'),('OBE','D80186GC11S'),('OJAD','D80186GC11S'),('PL/SQL','D80186GC11S'),('RAC','D81250GC10S'),('CORE JAVA','D83527GC10S'),('IJAD','D83527GC10S'),('OJAD','D83527GC10S'),('GG','D84357GC10S'),('CORE JAVA','D84838GC10S'),('IJAD','D84838GC10S'),('OJAD','D84838GC10S'),('CORE JAVA','D84842GC10S'),('IJAD','D84842GC10S'),('OJAD','D84842GC10S');
/*!40000 ALTER TABLE `course_module_map` ENABLE KEYS */;
UNLOCK TABLES;

--
-- Table structure for table `feedquestions`
--

DROP TABLE IF EXISTS `feedquestions`;
/*!40101 SET @saved_cs_client     = @@character_set_client */;
 SET character_set_client = utf8mb4 ;
CREATE TABLE `feedquestions` (
  `question_id` int(11) NOT NULL AUTO_INCREMENT,
  `question` varchar(200) NOT NULL,
  PRIMARY KEY (`question_id`)
) ENGINE=InnoDB DEFAULT CHARSET=latin1;
/*!40101 SET character_set_client = @saved_cs_client */;

--
-- Dumping data for table `feedquestions`
--

LOCK TABLES `feedquestions` WRITE;
/*!40000 ALTER TABLE `feedquestions` DISABLE KEYS */;
/*!40000 ALTER TABLE `feedquestions` ENABLE KEYS */;
UNLOCK TABLES;

--
-- Table structure for table `module`
--

DROP TABLE IF EXISTS `module`;
/*!40101 SET @saved_cs_client     = @@character_set_client */;
 SET character_set_client = utf8mb4 ;
CREATE TABLE `module` (
  `modulecode` varchar(20) NOT NULL,
  `modulename` varchar(200) NOT NULL,
  `duration` tinyint(4) NOT NULL,
  PRIMARY KEY (`modulecode`)
) ENGINE=InnoDB DEFAULT CHARSET=latin1;
/*!40101 SET character_set_client = @saved_cs_client */;

--
-- Dumping data for table `module`
--

LOCK TABLES `module` WRITE;
/*!40000 ALTER TABLE `module` DISABLE KEYS */;
INSERT INTO `module` VALUES ('D100','HYBRID MOBILE APP USING IONIC FRAMEWORK',40),('D101','Node JS',16),('D102','HTML5, CSS3 AND JAVASCRIPT',48),('D103','ANGULAR 4',44),('D50317GC20S','Oracle Database 11g: Performance Tuning',40),('D52163GC20S','Oracle Database 11g: SQL Tuning Workshop',24),('D61762GC10S','MySQL for Database Administrators',40),('D65271GC11S','Web Component Development with Servlets & JSPs, Java EE 6 - WDP',40),('D72896GC60S','Oracle Solaris 11 System Administration Ed 6',40),('D77758GC20S','Oracle Database 12c: New Features For Administrators Ed 2.0',40),('D78846GC20S','Oracle Database 12c: Administration Workshop Ed 2  - WDP',48),('D78850GC20S','Oracle Database 12c: Backup and Recovery Workshop Ed 2  - WDP',40),('D79128GC10S','Oracle Database 12c: Managing Multitenant Architecture - WDP',16),('D79232GC10S','Oracle Database 12c: Data Guard Administration',32),('D79236GC10S','Oracle Database 12c: Performance Management and Tuning',40),('D80149GC20','Oracle WebLogic Server 12c: Administration I',40),('D80153GC20S','Oracle WebLogic Server 12c: Administration II',40),('D80174GC11S','Oracle Database 12c: Introduction to SQL Ed 1.1 - WDP',48),('D80186GC11S','Oracle Database: Program with PL/SQL - WDP',48),('D81250GC10S','Oracle Database 12c: RAC Administration - WDP',40),('D83527GC10S','Java SE 8 Fundamentals - WDP',40),('D84357GC10S','Oracle GoldenGate 12c: Fundamentals for Oracle',32),('D84838GC10S','Java SE 8 Programming - WDP',40),('D84842GC10S','JavaScript and HTML5: Develop Web Applications - WDP',36),('D88168GC10S','Oracle Linux 7: System Administration, 1.0  ',40);
/*!40000 ALTER TABLE `module` ENABLE KEYS */;
UNLOCK TABLES;

--
-- Table structure for table `moduledetails`
--

DROP TABLE IF EXISTS `moduledetails`;
/*!40101 SET @saved_cs_client     = @@character_set_client */;
 SET character_set_client = utf8mb4 ;
CREATE TABLE `moduledetails` (
  `modulecode` varchar(20) CHARACTER SET latin1 NOT NULL,
  `modulename` varchar(200) CHARACTER SET latin1 NOT NULL,
  `duration` tinyint(4) NOT NULL,
  `price` decimal(10,2) DEFAULT NULL,
  `description` varchar(250) DEFAULT NULL,
  `filename` varchar(40) DEFAULT NULL
) ENGINE=InnoDB DEFAULT CHARSET=utf8mb4 COLLATE=utf8mb4_0900_ai_ci;
/*!40101 SET character_set_client = @saved_cs_client */;

--
-- Dumping data for table `moduledetails`
--

LOCK TABLES `moduledetails` WRITE;
/*!40000 ALTER TABLE `moduledetails` DISABLE KEYS */;
INSERT INTO `moduledetails` VALUES ('D100','HYBRID MOBILE APP USING IONIC FRAMEWORK',40,18000.00,'Course about hybrid mobile applications.Ionic is the technology used','hybrid.jpg'),('D101','Node JS',16,20000.00,'Course about client side coding. HTML 5, CSS and JS covered','node.jpg'),('D102','HTML5, CSS3 AND JAVASCRIPT',48,28000.00,'Node Js platform expored completly in this course','web.jpg'),('D103','ANGULAR 4',44,28000.00,'UI Development using Angular .A Framework by Googe','angular.jpg'),('D50317GC20S','Oracle Database 11g: Performance Tuning',40,18000.00,'Performance tuning the oracle 11g Database','tuning.jpg'),('D52163GC20S','Oracle Database 11g: SQL Tuning Workshop',24,22000.00,'SQL statement level tuning.','sqltuning.jpg'),('D61762GC10S','MySQL for Database Administrators',40,18000.00,'MySQL database administration course in and out','mysql.jpg'),('D65271GC11S','Web Component Development with Servlets & JSPs, Java EE 6 - WDP',40,18000.00,'Course on JSP and Servlet administration. Enterprise development Explored','jsp.jpg'),('D72896GC60S','Oracle Solaris 11 System Administration Ed 6',40,18000.00,'Solaris OS adminstration Course','sysadmin.jpg'),('D77758GC20S','Oracle Database 12c: New Features For Administrators Ed 2.0',40,18000.00,'12C oracle Database new Features Explored in this course','12cnew.jpg'),('D78846GC20S','Oracle Database 12c: Administration Workshop Ed 2  - WDP',48,28000.00,'12C Database Administration explored in this course','12cadmin.jpg'),('D78850GC20S','Oracle Database 12c: Backup and Recovery Workshop Ed 2  - WDP',40,18000.00,'12C Database backup and recovery concepts explained','12cback.jpg'),('D79128GC10S','Oracle Database 12c: Managing Multitenant Architecture - WDP',16,20000.00,'12c Multi Tenant Architecuture Explained in this course','12cmulti.jpg'),('D79232GC10S','Oracle Database 12c: Data Guard Administration',32,25000.00,'12c Dataguard Administration...This is about datagaurd Administration...!!!','12cdata.jpg'),('D79236GC10S','Oracle Database 12c: Performance Management and Tuning',40,18000.00,'12c performanc Tuning course end to end','12ctuning.jpg'),('D80149GC20','Oracle WebLogic Server 12c: Administration I',40,18000.00,'Weblogic Administration course .Fundamental concepts','weblogic.jpg'),('D80153GC20S','Oracle WebLogic Server 12c: Administration II',40,18000.00,'Weblogic Administration course .Advanced concepts','weblogic1.jpg'),('D80174GC11S','Oracle Database 12c: Introduction to SQL Ed 1.1 - WDP',48,28000.00,'SQL Development course .Taught with oracle database','sql.jpg'),('D80186GC11S','Oracle Database: Program with PL/SQL - WDP',48,28000.00,'PLSQL Development course .Taught with oracle database','plsql.jpg'),('D81250GC10S','Oracle Database 12c: RAC Administration - WDP',40,18000.00,'RAC Administration Course. Checking Real Application cluster conceptes','rac.jpg'),('D83527GC10S','Java SE 8 Fundamentals - WDP',40,18000.00,'Core JAva Concepts explained in this course','java.jpg'),('D84357GC10S','Oracle GoldenGate 12c: Fundamentals for Oracle',32,25000.00,'Golden gate Configuration and Adminstration course','gg.jpg'),('D84838GC10S','Java SE 8 Programming - WDP',40,18000.00,'Java Advanced Concepts and Core concepts','java.jpg'),('D84842GC10S','JavaScript and HTML5: Develop Web Applications - WDP',36,25000.00,'Javascript and latest html standards explained in this course','js.jpg'),('D88168GC10S','Oracle Linux 7: System Administration, 1.0  ',40,18000.00,'Oracle linux administration course.....','sa.jpg');
/*!40000 ALTER TABLE `moduledetails` ENABLE KEYS */;
UNLOCK TABLES;

--
-- Table structure for table `prerequisites`
--

DROP TABLE IF EXISTS `prerequisites`;
/*!40101 SET @saved_cs_client     = @@character_set_client */;
 SET character_set_client = utf8mb4 ;
CREATE TABLE `prerequisites` (
  `requisteid` int(11) NOT NULL AUTO_INCREMENT,
  `info` text NOT NULL,
  `modulecode` text NOT NULL,
  PRIMARY KEY (`requisteid`)
) ENGINE=InnoDB DEFAULT CHARSET=utf8;
/*!40101 SET character_set_client = @saved_cs_client */;

--
-- Dumping data for table `prerequisites`
--

LOCK TABLES `prerequisites` WRITE;
/*!40000 ALTER TABLE `prerequisites` DISABLE KEYS */;
/*!40000 ALTER TABLE `prerequisites` ENABLE KEYS */;
UNLOCK TABLES;

--
-- Table structure for table `questiontypes`
--

DROP TABLE IF EXISTS `questiontypes`;
/*!40101 SET @saved_cs_client     = @@character_set_client */;
 SET character_set_client = utf8mb4 ;
CREATE TABLE `questiontypes` (
  `typecode` varchar(10) NOT NULL,
  `questiontype` varchar(50) NOT NULL,
  PRIMARY KEY (`typecode`)
) ENGINE=InnoDB DEFAULT CHARSET=latin1;
/*!40101 SET character_set_client = @saved_cs_client */;

--
-- Dumping data for table `questiontypes`
--

LOCK TABLES `questiontypes` WRITE;
/*!40000 ALTER TABLE `questiontypes` DISABLE KEYS */;
/*!40000 ALTER TABLE `questiontypes` ENABLE KEYS */;
UNLOCK TABLES;

--
-- Table structure for table `reviews`
--

DROP TABLE IF EXISTS `reviews`;
/*!40101 SET @saved_cs_client     = @@character_set_client */;
 SET character_set_client = utf8mb4 ;
CREATE TABLE `reviews` (
  `review_id` int(11) NOT NULL AUTO_INCREMENT,
  `name` varchar(40) NOT NULL,
  `email` varchar(40) NOT NULL,
  `course` varchar(30) NOT NULL,
  `message` text NOT NULL,
  `reviewdate` varchar(100) DEFAULT NULL,
  PRIMARY KEY (`review_id`)
) ENGINE=InnoDB AUTO_INCREMENT=218 DEFAULT CHARSET=latin1;
/*!40101 SET character_set_client = @saved_cs_client */;

--
-- Dumping data for table `reviews`
--

LOCK TABLES `reviews` WRITE;
/*!40000 ALTER TABLE `reviews` DISABLE KEYS */;
INSERT INTO `reviews` VALUES (1,'Vinodh','vin@gmail.com','Java','It was a wonderful course. The examples\nwere great. I can apply them in my projects','2017-11-21 15:52:48'),(2,'ganesh','ganesh@gmail.com','Javascript','Awesome course! I am very happy with the course content and it coverage','2017-11-21 15:52:48'),(3,'Robert','robert@xmail.com','CSS3','Such a great Experience!!! Ready to take one more course','12 Jun 2017'),(4,'Lal','lal@xmail.com','Java','Could have been far better. Disappointed','12 Jun 2017'),(5,'Phani','phanindhra63@gmail.com','JavaScript','Training is good',NULL),(6,'mohammed shafi','shafikomanchery@yahoo.com','JavaScript','Test',NULL),(7,'Aript','aripth@cgi.com','JavaScript','Need to improve',NULL),(8,'Diwaker Singh','diwakar6@gmail.com','JAVA','Awesome',NULL),(9,'Jack','jack@hmail.com','Javascript','This is first message from angular 2 app',NULL),(10,'Ajay_Test','ajaypatil2611@gmail.com','Java','test',NULL),(11,'TyagiJI','arpit.tyagi@fbi.com','CSS3','Yeah... It\'s working !!',NULL),(12,'sdf','sdd@cgi.com','Java','dwr',NULL),(13,'Ajay','ajaypatil2611@gmail.com','Java','Ha ha i am checking',NULL),(14,'Shikha Kumari','shikha.kumari@cgi.com','Java','sdefre',NULL),(15,'Test test','m@m.m','Angular 2','Test test',NULL),(16,'thes','g.d@gmail.com','CSS3','text',NULL),(17,'GOWRISHANKAR','gowrishankarbe08@gmail.com','Javascript','tets',NULL),(18,'abcd','anb@gmail.com','Java','hello',NULL),(19,'GOWRISHANKAR','gowrishankarbe08@gmail.com','Javascript','tets',NULL),(20,'test','test@gail.com','','abcde',NULL),(21,'testr','testr','Java','testr',NULL),(22,'Ajay','ajay@gmail.com','Java','Checking date',NULL),(23,'Ajay','ajay@yahoo.com','Java','still date is not working',NULL),(24,'test','testing@gmail.com','','date check',NULL),(25,'asas','aaa@ccc.com','JavaScript','zxxzcxcxzc','Wed Nov 22 2017'),(26,'Shafi','shafi@cgi.com','HTML5','use toDateString() to save on error','Wed Nov 22 2017'),(27,'Ajay','test@yahoo.com','Java','ha ha','11/22/2017'),(28,'Ajay','json@gmail.com','Java','JSON','2017-11-22T11:45:14.056Z'),(29,'Who Knows ?','time@gmail.com','JavaScript','Bhade Bhade company mai chote chote bate hote rahti hai bhai :) :)','-330'),(30,'I know','sahi@yahoo.com','Java','Sahi bole hai.  :)... chalo nikalte bahut late hua.  traffic jam hota hai. kal continue karenge','Wed Nov 22 2017'),(31,'CGI','cgi@cgi.com','JavaScript','WoooooooooooW!','Wed Nov 22 2017 17:20:51 GMT+0530 (India Standard Time)'),(32,'ramana','murthy4u.gvr@gmail.com','Java','hcgvhgfhfgyhfg','Wed Nov 22 2017 17:20:57 GMT+0530 (India Standard Time)'),(33,'hey','sdiow@cgi.com','Java','hey there','Wed Nov 22 2017 17:21:01 GMT+0530 (India Standard Time)'),(34,'dfdf','dfgf@ddfg.com','Java','fdsgfd',NULL),(35,'test','meeee@gmail.com','','abcd','Wed Nov 22 2017 17:21:37 GMT+0530 (India Standard Time)'),(36,'Bat man','batman@gmail.com','JavaScript','ya hoooooooooooooooo!!!!!!!!!!!!!!!!!','Wed Nov 22 2017 17:22:19 GMT+0530 (India Standard Time)'),(37,'cxzc','xzcz@gmail.com','JavaScript','zxczxc','Wed Nov 22 2017 17:22:56 GMT+0530 (India Standard Time)'),(38,'gs','gowrishankarbe08@gmail.com','Javascript','',NULL),(39,'Tagi','Tagi@cgi.com','JavaScript','Class over leave now......... :-)','Wed Nov 22 2017 17:25:28 GMT+0530 (India Standard Time)'),(40,'Gowrishankar','gowrishankarbe08@gmail.com','Java','Test',NULL),(41,'Rajan','raj@gmail.com','Java','I Think it wll work',NULL),(42,'Test123','gowrishankarbe08@gmail.com','Java','test','Wed Nov 22 2017 06:56:29 GMT-0500 (Eastern Standard Time)'),(43,'Rahul','raj@gmail.com','java','First Message',NULL),(44,'Hari','hari@gmai.com','JAVA','Good','Wed Nov 22 2017 17:43:31 GMT+0530 (India Standard Time)'),(45,'abc','abc@gmail.com','JavaScript','working!!!!!','Wed Nov 22 2017 17:48:58 GMT+0530 (India Standard Time)'),(46,'Arpit','arpit.tyagi@cgi.com','JavaScript','I\'m Arpit','Wed Nov 22 2017 18:13:56 GMT+0530 (India Standard Time)'),(47,'soumya','sos@gmail.com','CSS3','well its working','Thu Nov 23 2017 05:50:32 GMT+0100 (W. Europe Standard Time)'),(48,'BLR','BLR@BLR.Com','Javascript','etc',NULL),(49,'dffg','aa@a.com','Java','dsf',NULL),(50,'fjdfhdu','ghgf@gfjg.com','Java','esfd',NULL),(51,'I am css','css@ho.com','Java','css i am','Thu Nov 23 2017'),(52,'gs','gowrishankarbe08@gmail.com','HTML5','Test','Thu Nov 23 2017 02:14:02 GMT-0500 (Eastern Standard Time)'),(53,'Test','abc@gmail.com','Java','test 123','Thu Nov 23 2017'),(54,'Test','ajay@gmail.com','CSS3','CSS3','Thu Nov 23 2017'),(55,'AJAY PATIL','ajay@gmail.com','CSS3','CSS3 Working ','Thu Nov 23 2017'),(56,'AJAY PATIL','ajay@gmail.com','CSS3','CSS3 Working ','Thu Nov 23 2017'),(57,'sdf','sdf@gmail.com','Java','test','Thu Nov 23 2017 08:10:10 GMT-0500 (Eastern Standard Time)'),(58,'Saurabh','samh@gmail.com','JavaScript','Anything','Thu Nov 23 2017 23:41:33 GMT+0530 (India Standard Time)'),(59,'sos','sos@gmail.com','HTML','sos great','Thu Nov 23 2017 19:17:40 GMT+0100 (W. Europe Standard Time)'),(60,'sos','sos@gmail.com','HTML','sos great','Thu Nov 23 2017 19:17:59 GMT+0100 (W. Europe Standard Time)'),(61,'sss','ss@gmail.com','Java','fdrdty','Thu Nov 23 2017 23:48:40 GMT+0530 (India Standard Time)'),(62,'amit','amit@gmail.com','Java','this is from aj2',NULL),(63,'deep','askjdja@cgi.com','CSS3','slkdasljd','Sat Nov 25 2017 16:47:23 GMT+0530 (India Standard Time)'),(64,'Rajesh','xxx@gmail.com','Javascript','Message from chainsys',' 12 Jan 2018 Saturday'),(65,'Rajesh','testRaj@gmail.com','B.Tech','checking123',NULL),(66,'ganesh','ganesh@gmail.com','Javascript','Awesome course! I am very happy with the course content and it coverage',NULL),(67,'ganesh','ganesh@gmail.com','Javascript','Awesome course! I am very happy with the course content and it coverage','2017-11-21 15:52:48'),(101,'ganesh','ganesh@gmail.com','Javascript','Awesome course! I am very happy with the course content and it coverage','2017-11-21 15:52:48'),(102,'Tent','trent@gmail.com','Java','This must work','Sat Dec 02 2017 15:27:58 GMT+0530 (India Standard Time)'),(103,'valar','valar@gmail.com','Java','Welcome','Sat Dec 02 2017 15:35:57 GMT+0530 (India Standard Time)'),(104,'Shinchu','Shinchu@gmail.com	','Pokeemon','Pokemon','Sat Dec 02 2017 15:40:15 GMT+0530 (India Standard Time)'),(105,'Name1','Email1@gmail.com','Course1','Message1',NULL),(106,'Manoj','Manojselvamr@chainsys.com','Javascript','Awesome','Sat Dec 02 2017 15:36:38 GMT+0530 (India Standard Time)'),(107,'Manoj','manojselvamr@gmail.com','Javascript','Awesome','Sat Dec 02 2017 15:40:05 GMT+0530 (India Standard Time)'),(108,'MohanRaj','mohanraj.r@chainsys.com','Javascript & jQuery & jSon','Really awesome.. Teaching Step by Step. Clearly understand','Sat Dec 02 2017 15:40:43 GMT+0530 (India Standard Time)'),(109,'weqw','test@gmail.com','test','test','Sat Dec 02 2017 15:41:54 GMT+0530 (India Standard Time)'),(110,'maddysen','maddysen@maddysen.com','maddysen','maddysen is maddysen','Sat Dec 02 2017 15:42:25 GMT+0530 (India Standard Time)'),(111,'DAWOOD J','dawood.jani@chainsys.com','Javascript','My first javascript','Sat Dec 02 2017 15:44:03 GMT+0530 (India Standard Time)'),(112,'DAWOOD J','dawood.jani@chainsys.com','Javascript','My first javascript','Sat Dec 02 2017 15:44:51 GMT+0530 (India Standard Time)'),(113,'Johny','johhny@gmail.com','JavaScript','Awesome','Sat Dec 02 2017 15:45:37 GMT+0530 (India Standard Time)'),(114,'Kannan','krish007@gmail.com','Salesforce','Summa bore adikithu ',NULL),(115,'jgfhdsd','ghjjg','fgjdhfsgd','fhjgjfdg','Sat Dec 02 2017 15:46:26 GMT+0530 (India Standard Time)'),(116,'johny','jo@gmail.com','java','awesome super','Sat Dec 02 2017 15:46:47 GMT+0530 (India Standard Time)'),(117,'tgrfedad','hgfdsfaf','fgsdfaf','gfsdfasfsd','Sat Dec 02 2017 15:47:18 GMT+0530 (India Standard Time)'),(118,'shiha','shiha@gmail.com','UI','summa','Sat Dec 02 2017 15:48:04 GMT+0530 (India Standard Time)'),(119,'Ajatha','hegsdg','jhgdfhfg','jghdfhgfhf','Sat Dec 02 2017 15:48:29 GMT+0530 (India Standard Time)'),(120,'mani','hjbm','hjhjk','hjkhikjn,mn','Sat Dec 02 2017 15:52:33 GMT+0530 (India Standard Time)'),(121,'manikandan','maniui@gmail.com','manikandan','hiiiiii','Sat Dec 02 2017 15:53:42 GMT+0530 (India Standard Time)'),(122,'maddysen','maddysen@maddysen.com','maddysen','maddysen is maddysen','Sat Dec 02 2017 15:53:43 GMT+0530 (India Standard Time)'),(123,'mani','mani-ui team','manik','manikkkkkkk','Sat Dec 02 2017 15:54:23 GMT+0530 (India Standard Time)'),(124,'maddysen','maddysen@maddysen.com','maddysen','maddysen is maddysen','Sat Dec 02 2017 15:54:27 GMT+0530 (India Standard Time)'),(125,'lakshmi','lax.m@gmail.com','js','sss','Sat Dec 02 2017 15:54:50 GMT+0530 (India Standard Time)'),(126,'maddysen','maddysen@maddysen.com','maddysen','maddysen is maddysen','Sat Dec 02 2017 15:55:08 GMT+0530 (India Standard Time)'),(127,'manikandan.r','manikandan@gmail.com','bsc-computer science','good student','Sat Dec 02 2017 15:55:22 GMT+0530 (India Standard Time)'),(128,'lakshmi','lakshmi.m@gmail.com','js','nchf','Sat Dec 02 2017 15:55:50 GMT+0530 (India Standard Time)'),(129,'lakshmi','lakshmi.m@gmail.com','js','nchf','Sat Dec 02 2017 15:55:56 GMT+0530 (India Standard Time)'),(130,'shiha','neruppu@gmail.com','JS','shiha is good boy','Sat Dec 02 2017 15:59:40 GMT+0530 (India Standard Time)'),(131,'Debugger','debug@gmail.com','Java','Working','Sat Dec 02 2017 16:31:49 GMT+0530 (India Standard Time)'),(132,'Ten','Ten@gmail.com','Java','Working fine','Sat Dec 02 2017 16:36:18 GMT+0530 (India Standard Time)'),(133,'Karan','karan@gmail.com','Java','Good one','Sat Dec 02 2017 16:41:19 GMT+0530 (India Standard Time)'),(134,'fgdg','gdhhd@fsggdf.fgg','fgtgfgdfg','dfgdgsg',NULL),(135,'dawood','dawood.jani@chainsys.com','Javascript','last day javascript training','Sat Dec 02 2017 16:54:08 GMT+0530 (India Standard Time)'),(136,'Kanagavel','kanagavel@gmail.com','Core Java','core java is basic level language.its very use full for Entering IT fields',NULL),(137,'dawood','dawood.jani@chainsys.com','Java','The last day of javascript','Sat Dec 02 2017 16:59:53 GMT+0530 (India Standard Time)'),(138,'shiha','shiha@gmail.com','ui','just','Sat Dec 02 2017 17:00:49 GMT+0530 (India Standard Time)'),(139,'Jon','John@gmail.com','Angular','Superb','Sat Dec 02 2017 17:01:07 GMT+0530 (India Standard Time)'),(140,'shiha','shiha@gmail.com','ui','just','Sat Dec 02 2017 17:01:46 GMT+0530 (India Standard Time)'),(141,'lakshmi','lakshmi.m@gmaiil.com','xcc','jhbh','Sat Dec 02 2017 17:01:47 GMT+0530 (India Standard Time)'),(142,'ghdsdg','bgfsda@jgkfsd.com','gfsdag','gdfsdg','Sat Dec 02 2017 17:02:20 GMT+0530 (India Standard Time)'),(143,'jhfgsda','hgdfsdg@gfsdf.gfdd','gfdsda','fgnfgdg','Sat Dec 02 2017 17:02:51 GMT+0530 (India Standard Time)'),(144,'hgdfsd','agfdg@gfdsafg.gdsf','dfsadfg','hfdgsdf','Sat Dec 02 2017 17:03:18 GMT+0530 (India Standard Time)'),(145,'hgdfsd','agfdg@gfdsafg.gdsf','dfsadfg','hfdgsdf','Sat Dec 02 2017 17:03:20 GMT+0530 (India Standard Time)'),(146,'hgdfsd','agfdg@gfdsafg.gdsf','dfsadfg','hfdgsdf','Sat Dec 02 2017 17:03:21 GMT+0530 (India Standard Time)'),(147,'kjhgrfgsd','hfdsdf@kmgfdsd.cdis','hgfdsf','gdhfgfds','Sat Dec 02 2017 17:04:04 GMT+0530 (India Standard Time)'),(148,';lkjhgfghjkl','lkjhgfghjkl','iujhgfdfghjkjl;','=-0985434w45678798900-','Sat Dec 02 2017 17:04:24 GMT+0530 (India Standard Time)'),(149,'jhfgsdfas','gdfsdf@hgdsf.rgds','gfdsa','fdsgffd','Sat Dec 02 2017 17:04:45 GMT+0530 (India Standard Time)'),(150,'manikadanuiiiiii','check12345','hello mike testing','hello yarathu irukingala','Sat Dec 02 2017 17:05:44 GMT+0530 (India Standard Time)'),(151,'htgref','hgdfs@ghdf.com','gtefwd','gtfred','Sat Dec 02 2017 17:09:49 GMT+0530 (India Standard Time)'),(152,'Iswariya','ashu@gmai.com','hfjdsm','I love Ajathachatru','Sun Dec 03 2017 19:34:29 GMT+0530 (India Standard Time)'),(153,'Vishal prasad','vishal98@cgi.com','HTML5','Service is helping a lot','Sun Dec 10 2017 02:22:26 GMT+0530 (India Standard Time)'),(154,'TEST','TEST@rabi.com','Java','TEST321',NULL),(155,'TEST','TEST@rabi.com','Java','TEST321',NULL),(156,'Nick','nick@gmail.com','Javascript','Fine Course.........','Thu Dec 21 2017 11:11:46 GMT+0530 (India Standard Time)'),(157,'Satvik','sat@vik.com','Javascript','Wonderful Course!!!','Thu Dec 21 2017 11:12:52 GMT+0530 (India Standard Time)'),(158,'Damodar bukkapatnam','damu9618@gmail.com','HTML5','test of damu solution','Thu Dec 21 2017 11:13:54 GMT+0530 (India Standard Time)'),(159,'Hummingbird','naikaadilfayaz@gmail.com','Java','Java is fun ..........................\nhgdgchsddjvsdklkn\ndkjabvchggadjhcb','Thu Dec 21 2017 11:14:00 GMT+0530 (India Standard Time)'),(160,'Damodar bukkapatnam','damu9618@gmail.com','HTML5','test of damu solution','Thu Dec 21 2017 11:14:01 GMT+0530 (India Standard Time)'),(161,'Hummingbird','naikaadilfayaz@gmail.com','HTML5','Java is fun ..........................\nhgdgchsddjvsdklkn\ndkjabvchggadjhcb','Thu Dec 21 2017 11:14:47 GMT+0530 (India Standard Time)'),(162,'','','Java','','Thu Dec 21 2017 11:14:58 GMT+0530 (India Standard Time)'),(163,'dxdas','aada@gmail.com','Java','jwuidwj','Thu Dec 21 2017 11:19:46 GMT+0530 (India Standard Time)'),(164,'Uday','uday@gmail.com','Java','If any1 wants Tiger Zzinda hai tickets, please contact me','Thu Dec 21 2017 11:20:44 GMT+0530 (India Standard Time)'),(165,'Hareesh','hareesh.sanka@cgi.com','Java','interested','Thu Dec 21 2017 11:21:12 GMT+0530 (India Standard Time)'),(166,'GB','sample_mailid@gmail.com','HTML5','It is a sample message to check post reviews.','Thu Dec 21 2017 11:22:39 GMT+0530 (India Standard Time)'),(167,'Pavan','pavanforu@gmail.com','Java','This is a great course to learn!!!','Thu Dec 21 2017 11:27:45 GMT+0530 (India Standard Time)'),(168,'sss','undea@gmail.com','Java','This is working............\n,,dfddf','Thu Dec 21 2017 11:29:26 GMT+0530 (India Standard Time)'),(169,'Administrator','naikaadilfayaz@gmail.com','Java','sadad','Thu Dec 21 2017 11:30:22 GMT+0530 (India Standard Time)'),(170,'sss','undefined.soorya@gmail.com','Angular 4','sada','Thu Dec 21 2017 11:33:28 GMT+0530 (India Standard Time)'),(171,'','','Java','','Thu Dec 21 2017 12:00:24 GMT+0530 (India Standard Time)'),(172,'ddd','kamalakannan.ramesh@gmail.com','javaScript','dd','Thu Dec 21 2017 02:05:00 GMT-0500 (Eastern Standard Time)'),(173,'Kamal','kamalakannan.ramesh@gmail.com','CSS','Awesome!!!','Thu Dec 21 2017 02:08:50 GMT-0500 (Eastern Standard Time)'),(174,'djhbhasdbckhda','naikaadilfayaz@gmail.com','JavaScript','mbckjadvujgeqvbeiukjdscascs\nsd;xlckjadjcvugsvcjgsd cxl','Thu Dec 21 2017 16:04:57 GMT+0530 (India Standard Time)'),(175,'Shikha Kumari','shs@cgi.com','JavaScript','Hey','Thu Jan 04 2018 17:06:21 GMT+0530 (India Standard Time)'),(176,'Test','k.c.vinodh@hotmail.com','Java','Sample review........','Sat Jan 06 2018 16:49:54 GMT+0530 (India Standard Time)'),(177,'wqe','dsd.c@gmail.com','Java','dsf','Sat Jan 06 2018 16:51:52 GMT+0530 (India Standard Time)'),(178,'jai','xyz@mi.com','javascript','qdqdqd',NULL),(179,'jai','xyz@mi.com','javascript','qdqdqd',NULL),(180,'Billy','billy@gmail.com','Java','This is a big course...!','12 jan 2018'),(181,'Ravi','ravi@gmail.com','Java','Lets check it out...!!!','Wed Jan 31 2018 12:16:02 GMT+0530 (India Standard Time)'),(182,'gary','gary@gmail.com','Javascript','This should be working...','Wed Jan 31 2018 12:17:27 GMT+0530 (India Standard Time)'),(183,'will','will@gmail.com','java','I will','Wed Jan 31 2018 12:18:09 GMT+0530 (India Standard Time)'),(184,'shagun','shagun@gmail.com','cse','hello friend','Wed Jan 31 2018 12:18:33 GMT+0530 (India Standard Time)'),(185,'penn','penn@gmail.com','Javascript','This is a good course!!!!!','Wed Jan 31 2018 12:18:46 GMT+0530 (India Standard Time)'),(186,'prakash','kprak@gmail.com','java','finally got it','Wed Jan 31 2018 12:20:34 GMT+0530 (India Standard Time)'),(187,'asdf','asdf@gmail.com','comp','Thats all I know','Wed Jan 31 2018 12:20:49 GMT+0530 (India Standard Time)'),(188,'raj','raj@gmail.com','java','hii everyone','Wed Jan 31 2018 12:21:31 GMT+0530 (India Standard Time)'),(189,'sum','sum@gmail.com','php','good course\n!!!','Wed Jan 31 2018 12:22:18 GMT+0530 (India Standard Time)'),(190,'Nishant','nish@gmail.com','Front End','I am very hungry!!!','Wed Jan 31 2018 12:22:23 GMT+0530 (India Standard Time)'),(191,'sid','sid@hotmail.com','java','hello','Wed Jan 31 2018 12:24:59 GMT+0530 (India Standard Time)'),(192,'qwe','yy@hh.com','asdfgh','qwertu','Wed Jan 31 2018 12:25:12 GMT+0530 (India Standard Time)'),(193,'aaaa','aa.aa@aa.aa','aaaa','aaaaa','Wed Jan 31 2018 12:27:31 GMT+0530 (India Standard Time)'),(194,'qwerty','ab123@gmail.com','JavaScript','javaaaa','Thu Feb 08 2018 14:32:10 GMT+0530 (India Standard Time)'),(195,'qwerty','ab123@gmail.com','JavaScript','javaaaa','Thu Feb 08 2018 14:33:09 GMT+0530 (India Standard Time)'),(196,'xyx','xyz@gmail.com','css3','yeah',NULL),(197,'Nirmal','email@email.com','Java','Lets see!!!','12 jan 2018'),(198,'fdf','chris@gmail.com','dfdf','dfdf','Tue Mar 06 2018 17:56:13 GMT+0530 (India Standard Time)'),(199,'Chainsys','tst@gmail.com','Javascript','TST',NULL),(200,'christhope','chris@gmail.com','java','hi','Tue Mar 06 2018 17:59:58 GMT+0530 (India Standard Time)'),(201,'TST_01','TST_01@gmail.com','Javascript','TST_01','Tue Mar 06 2018 18:00:12 GMT+0530 (India Standard Time)'),(202,'Gobi','gobiphd@gmail.com','Java','Training is good','Tue Mar 06 2018 18:05:14 GMT+0530 (India Standard Time)'),(203,'kiruba','abc@gmail.com','java','hiii!!','Tue Mar 06 2018 18:05:34 GMT+0530 (India Standard Time)'),(204,'Naveen','gary@gmail.com','Java','This is going well!!!!1','Wed Mar 07 2018 06:46:22 GMT+0530 (India Standard Time)'),(205,'Naveen','gary@gmail.com','Java','This is going well!!!!1','Wed Mar 07 2018 06:48:58 GMT+0530 (India Standard Time)'),(206,'Varun','kenny@gmail.com','Java','This is working atlast','Wed Mar 07 2018 06:53:08 GMT+0530 (India Standard Time)'),(207,'Gary','vimal@gmail.com','Javascript','This is working atlast','Wed Mar 07 2018 09:26:02 GMT+0530 (India Standard Time)'),(208,'Deepak','Deepak@gmail.com','Node JS','It was test entry','Wed Mar 07 2018 09:41:25 GMT+0530 (India Standard Time)'),(209,'selva','selva@gamil.com','java','Training is good','Wed Mar 07 2018 09:42:30 GMT+0530 (India Standard Time)'),(210,'Selva','selva@gamil.com','JS','Training is good','Wed Mar 07 2018 09:44:01 GMT+0530 (India Standard Time)'),(211,'Bhaskar','bhas@gmail.com','Java','Welcoe','Wed Mar 07 2018 09:50:25 GMT+0530 (India Standard Time)'),(212,'Bhaskar','bhaskar@gmail.com','Java','JavaScript is an very easy to learn by the way of listening . By the way training  was very useful and  nice.','Wed Mar 07 2018 09:53:27 GMT+0530 (India Standard Time)'),(213,'java','java@orcl.com','java','java','Wed Mar 07 2018 09:53:54 GMT+0530 (India Standard Time)'),(214,'Honey','honey@gmail.com','Java','Welcome!! Honey','Wed Mar 07 2018 10:03:16 GMT+0530 (India Standard Time)'),(215,'raj','raj@gamil.com','java','adding ','Wed Mar 07 2018 10:03:41 GMT+0530 (India Standard Time)'),(216,'Nitzz','nitz.123@gmail.com','Java','Superb!!!','Wed Mar 07 2018 10:09:40 GMT+0530 (India Standard Time)'),(217,'celestina','celes@gmail.com','Java','where\'s the food','Wed Mar 07 2018 10:13:42 GMT+0530 (India Standard Time)');
/*!40000 ALTER TABLE `reviews` ENABLE KEYS */;
UNLOCK TABLES;

--
-- Table structure for table `sessionhistory`
--

DROP TABLE IF EXISTS `sessionhistory`;
/*!40101 SET @saved_cs_client     = @@character_set_client */;
 SET character_set_client = utf8mb4 ;
CREATE TABLE `sessionhistory` (
  `session_id` int(11) NOT NULL,
  `sub_topic_id` int(11) NOT NULL,
  PRIMARY KEY (`session_id`,`sub_topic_id`),
  KEY `sub_topic_id` (`sub_topic_id`),
  CONSTRAINT `sessionhistory_ibfk_1` FOREIGN KEY (`session_id`) REFERENCES `sessions` (`session_id`),
  CONSTRAINT `sessionhistory_ibfk_2` FOREIGN KEY (`sub_topic_id`) REFERENCES `subtopic` (`sub_topic_id`)
) ENGINE=InnoDB DEFAULT CHARSET=latin1;
/*!40101 SET character_set_client = @saved_cs_client */;

--
-- Dumping data for table `sessionhistory`
--

LOCK TABLES `sessionhistory` WRITE;
/*!40000 ALTER TABLE `sessionhistory` DISABLE KEYS */;
/*!40000 ALTER TABLE `sessionhistory` ENABLE KEYS */;
UNLOCK TABLES;

--
-- Table structure for table `sessions`
--

DROP TABLE IF EXISTS `sessions`;
/*!40101 SET @saved_cs_client     = @@character_set_client */;
 SET character_set_client = utf8mb4 ;
CREATE TABLE `sessions` (
  `session_id` int(11) NOT NULL AUTO_INCREMENT,
  `start_time` time NOT NULL,
  `end_time` time NOT NULL,
  `sessiondate` date NOT NULL,
  `batchcode` varchar(20) NOT NULL,
  `sessionmode` varchar(30) NOT NULL,
  `theoryhours` tinyint(4) NOT NULL,
  `labhours` tinyint(4) NOT NULL,
  PRIMARY KEY (`session_id`),
  KEY `batchcode` (`batchcode`),
  CONSTRAINT `sessions_ibfk_1` FOREIGN KEY (`batchcode`) REFERENCES `batch` (`batchcode`)
) ENGINE=InnoDB DEFAULT CHARSET=latin1;
/*!40101 SET character_set_client = @saved_cs_client */;

--
-- Dumping data for table `sessions`
--

LOCK TABLES `sessions` WRITE;
/*!40000 ALTER TABLE `sessions` DISABLE KEYS */;
/*!40000 ALTER TABLE `sessions` ENABLE KEYS */;
UNLOCK TABLES;

--
-- Table structure for table `sprinthistory`
--

DROP TABLE IF EXISTS `sprinthistory`;
/*!40101 SET @saved_cs_client     = @@character_set_client */;
 SET character_set_client = utf8mb4 ;
CREATE TABLE `sprinthistory` (
  `batchcode` varchar(20) NOT NULL,
  `sprintcode` varchar(15) NOT NULL,
  `startdate` date NOT NULL,
  `enddate` date NOT NULL,
  PRIMARY KEY (`batchcode`,`sprintcode`),
  KEY `sprintcode` (`sprintcode`),
  CONSTRAINT `sprinthistory_ibfk_1` FOREIGN KEY (`batchcode`) REFERENCES `batch` (`batchcode`),
  CONSTRAINT `sprinthistory_ibfk_2` FOREIGN KEY (`sprintcode`) REFERENCES `sprints` (`sprintcode`)
) ENGINE=InnoDB DEFAULT CHARSET=latin1;
/*!40101 SET character_set_client = @saved_cs_client */;

--
-- Dumping data for table `sprinthistory`
--

LOCK TABLES `sprinthistory` WRITE;
/*!40000 ALTER TABLE `sprinthistory` DISABLE KEYS */;
/*!40000 ALTER TABLE `sprinthistory` ENABLE KEYS */;
UNLOCK TABLES;

--
-- Table structure for table `sprints`
--

DROP TABLE IF EXISTS `sprints`;
/*!40101 SET @saved_cs_client     = @@character_set_client */;
 SET character_set_client = utf8mb4 ;
CREATE TABLE `sprints` (
  `sprintcode` varchar(15) NOT NULL,
  `start_topic` int(11) NOT NULL,
  `end_topic` int(11) NOT NULL,
  `duration` tinyint(4) NOT NULL,
  PRIMARY KEY (`sprintcode`)
) ENGINE=InnoDB DEFAULT CHARSET=latin1;
/*!40101 SET character_set_client = @saved_cs_client */;

--
-- Dumping data for table `sprints`
--

LOCK TABLES `sprints` WRITE;
/*!40000 ALTER TABLE `sprints` DISABLE KEYS */;
/*!40000 ALTER TABLE `sprints` ENABLE KEYS */;
UNLOCK TABLES;

--
-- Table structure for table `student`
--

DROP TABLE IF EXISTS `student`;
/*!40101 SET @saved_cs_client     = @@character_set_client */;
 SET character_set_client = utf8mb4 ;
CREATE TABLE `student` (
  `name` varchar(50) NOT NULL,
  `dob` date DEFAULT NULL,
  `address` text NOT NULL,
  `city` varchar(20) NOT NULL,
  `pin` int(11) NOT NULL,
  `mobile` varchar(12) NOT NULL,
  `qualification` varchar(12) NOT NULL,
  `email` varchar(40) NOT NULL,
  PRIMARY KEY (`email`)
) ENGINE=InnoDB DEFAULT CHARSET=latin1;
/*!40101 SET character_set_client = @saved_cs_client */;

--
-- Dumping data for table `student`
--

LOCK TABLES `student` WRITE;
/*!40000 ALTER TABLE `student` DISABLE KEYS */;
INSERT INTO `student` VALUES ('Gnanaprakasam.A','1995-05-24','727,RMI Nagar\r\nQuide Millet st\r\nKalpakkam\r\nPudhupattinam','Kanchipuram',603102,'8124483940','B.E(ECE)','agprakash.ece@gmail.com'),('Manimekala.G','1995-10-19','St.Joseph\'s Engg \r\nOMR ','Chennai',603103,'8508153626','MCA','anjuvijaya95@gmail.com'),('Anmol Dhanesh Chugani','1994-09-17','Amrutha Crescent Apartment\r\n3rd Floor Flat No.1\r\n39 P.V.Cherian Road\r\n','Chennai',600105,'9884456920','Others','anmol176@hotmail.com'),('Anushiya.T','1994-07-06','No.4 Natesan Road\r\nMeenakshi Ladies Hostel\r\nAshok Pillar\r\n','Chennai',600083,'7402053271','B.E(E&I)','anushiyathangavel@gmail.com'),('Arivu Mani.M','1994-04-04','10,E Ismailpuram\r\n8th Street \r\nMunichalai Road','Madurai',625009,'9543705066','MCA','arivumani04@gmail.com'),('Ashok Kumar.C','1991-09-11','9/3 Basham Nadiu St\r\nOld Washermenpet','Chennai',600021,'9789970695','B.E','ashok.teamm@gmail.com'),('Balaji.D',NULL,'No.78,Rajiv Gandhi Nagar\r\n19th West Cross Street\r\nMKR Nagar\r\nVysarpadi','Chennai',600039,'7299605733','BSC(CS)','balajidoc95@gmail.com'),('Baskar.M','1989-09-10','A Block,2F Jains\r\nWestminster Apartments,\r\nSaligramam','Chennai',600041,'9578927277','MCA','baskarsmca89@gmail.com'),('Bharath.S.A',NULL,'46/73,Vellalar \r\n1st Street\r\nKodambakkam','Chennai',600024,'7871942278','B.E(ECE)','bharathraghuvaran006@gmail.com'),('Bhaskar.M','1992-06-17','No.4,CN Padmanabhan Street\r\nF2 Patson Flats\r\nMalliga Nagar\r\nOld Pallavaram','Chennai',600117,'9884385192','B.E','bhaskarmurali92@gmail.com'),('Binu Francy.J','1993-03-15','Tambaram\r\n','Chennai',600045,'9962699038','M.E','binufrancy@yahoo.com'),('Vadivelan Bose','1980-12-31','18/22A 2nd Street\r\nRangarajapuram\r\nSaidapet\r\n','Chennai',600015,'9962394947','B.E','bvadivelan@gmail.com'),('Chitra.N','1991-06-21','MM Womens Hostel\r\nAdyar','Chennai',600020,'8681020274','MCA','chitranadanam@gmail.com'),('Bala Murugan.R',NULL,'Plot No.5\r\nDoor No 1/316-A\r\nSaravanan Street\r\nJaladianpet','Chennai',600100,'7708602469','B.E','dannybala123@gmail.com'),('Dilon Dino.M',NULL,'Null','Chennai',600093,'7299387228','B.E','dillonmclane95@gmail.com'),('Dinesh.U',NULL,'New no.22\r\n1st Street\r\nVysarpadi\r\nSamiyar Madam','Chennai',600039,'9600008222','B.E(ECE)','dineshusd29@gmail.com'),('Elstin.L','1994-05-09','7/2,MIddle Street\r\nUvari','Tirunelveli',627651,'9943595266','B.E','elstin1201@gmail.com'),('Elwyn Betzar.R','1990-11-15','Null','Coimbatore',641001,'9943509888','M.TECH(IT)','elwynbetzar@gmail.com'),('Firthouse Banu.M.G','1993-02-25','1/56 PPD Road\r\n4th Street \r\nThangal\r\nThiruvottiyur','Chennai',600019,'8939569065','B.E','firthousebanu.banu@gmail.com'),('Ganesh Ram.S',NULL,'V.O.C Nagar\r\n1st street Anna Nagar','Chennai',600040,'8015343834','B.E(EEE)','ganeshram1995@gmail.com'),('Arun.G',NULL,'Null','Chennai',600000,'9003441554','B.E','garun1sundar@gmail.com'),('Gowtham.P.R',NULL,'Kolathur\r\n','Tiruvallur',600099,'9566251887','B.COM','gggowtham1@gmail.com'),('Gokul.A',NULL,'175/A.VOC Nagar\r\nPudupet\r\nAttur(tk)','Salem',636141,'9047279516','B.E(ECE)','gokul.alaguvel@gmail.com'),('Gokul Kumar.K','1991-10-20','1/94,Pilliyar Koil Street\r\nPorur','Chennai',600125,'9677238972','B.E(EEE)','gokul201091@yahoo.co.in'),('Gokul.S','1996-07-07','12/4.Sanath Street\r\nKamalalayam Apartment\r\nChrompet','Chennai',600044,'7358843169','B.E(CSE)','gokulsrinivasav77@gmail.com'),('Dixit Helina Esther.T',NULL,'Alsa Green Flats\r\nHastinapuram\r\nChrompet','Chennai',600044,'7358223722','B.E','helina.dixit@gmail.com'),('Abhinav.B',NULL,'Choolaimedu\r\n','Chennai',600094,'8870703226','B.E(EEE)','hiabhi95@gmail.com'),('Imayan.C','1996-07-11','No.204 Ayyapa Nagar\r\nVirugampakkam','Chennai',600092,'7598878311','B.E(ECE)','imayanmail@gmail.com'),('Bilal Ahamed.T',NULL,'Null','Null',600044,'9562065993','B.E','invyink93@gmail.com'),('Jagadeeswaran.S',NULL,'St.Thomas Mount Road\r\nGuindy','Chennai',600032,'9159171143','B.E(EEE)','jagadees6995@gmail.com'),('Janarthan.S',NULL,'Block No.311\r\nGanapathy Colony\r\nMylapore','Chennai',600004,'8144264955','B.E(CSE)','janarthan004@gmail.com'),('Jebin Kumar.E','1995-12-18','Tower 1,3B Vijay Shanthi Infinity\r\nChettiped','Chennai',602105,'8056831362','B.E','jebinkumar6@gmail.com'),('Jegan.D','1997-07-20','No.5,Ram Nagar\r\n1st Street\r\nKamaraj Nagar\r\nAvadi','Chennai',600071,'7358174670','BSC(COM)','jegan534@gmail.com'),('Jones Christo','1987-03-18','3/24 B,Tank St\r\nNagalapuram\r\n','Tindivanam',604002,'9994252336','B.E','joneschristoam@gmail.com'),('Babu.K','1989-03-16','No.93/39-2B,Saravana Perumal St\r\nPurasawakkam','Chennai',600084,'9789049128','MBA','k.babu92@gmail.com'),('Kanchana Devi.R','1996-03-05','El,Police Quarters\r\nPattalam\r\n','Chennai',600012,'9003808870','B.E(CSE)','kanchanadevics@gmail.com'),('Karthick.A','1991-06-13','No.14/2A,Shanmugham Street\r\nVaradharajapuram\r\nAmbattur\r\n','Chennai',600053,'9840480492','B.E(ECE)','kar06thick@gmail.com'),('Karthic.P.S',NULL,'Null','Chennai',600100,'9940798953','B.E','karthic.santhanam@gmail.com'),('Karthic.J','1990-02-19','8,Subburayan Nagar\r\n5th Street\r\nKodambakkam','Chennai',600024,'9345451845','B.E','karthicspeaks@gmail.com'),('Karthik.M','1995-11-01','A Block-2F Jain west minister\r\nArunachalam Road\r\nSaligramam','Chennai',600093,'9123536279','B.E','karthikshan2113@gmail.com'),('Vijaya Kumar.K','1990-04-05','C3,No.9,Somasundaram Street\r\nRadha Nagar\r\nChromepet','Chennai',600044,'9791478748','B.E','kesavijay@gmail.com'),('Kiran Kumar.U',NULL,'Null','Chennai',600093,'71324176','Null','kirankumar2k6@gmail.com'),('Kirubakaran.R','1987-01-29','No.5,F1,Kumaran\r\nBuilders\r\nKandasamy Colony\r\nEast Tambaram','Chennai',600059,'9894961961','B.E','kiruba87@gmail.com'),('Kishore Kumar.R',NULL,'Null','Chennai',600000,'9791728383','Null','kishore.111291@gmail.com'),('Kokila Devi.D','1981-06-05','Null','Chennai',600026,'7010891942','MCA','kokiladevi.d@gmail.com'),('Kokila.P','1990-11-08','No.68,3rd Street\r\nDr.Ambethkar Nagar\r\nSt.Thomas Mount','Chennai',600016,'8682827518','B.TECH(IT)','kokilap.btech@gmail.com'),('Hariram.N','1995-04-10','No.88,GMR Srihari Flats\r\nKuppusamy Cross St\r\nUllagaram','Chennai',600091,'9789933117','B.E(MECH)','koushikram092@gmail.com'),('Kowshick.M','1996-05-21','63,Sandror Street\r\nThiruporur','Kancheepuram',603110,'9003133135','B.E(ECE)','kowshick555@gmail.com'),('Pushpalatha.D','1973-09-27','No.12,D.K.R Road','Chennai',601203,'8608766638','B.A(ENG LIT)','latharamani42@gmail.com'),('Vidhya.R','1985-12-25','Selvam Apartments\r\n1st Floor,Flat No.D,Door No.38\r\nNorth Park Street\r\nVenkatapuram\r\nAmbattur','Chennai',600053,'9176611508','BCA','link2vidhya@gmail.com'),('Aravind.L.K','1987-02-22','No.26/2,A Block Chandrasekar Foundation\r\nVisagathuttam Street\r\nSaidapet','Chennai',600015,'9952465750','MCA','lk.aravind2@gmail.com'),('Lokesh Kumar.N','1995-11-07','15,Saravana Street\r\nKondithope','Chennai',600079,'9566020409','B.E(CSE)','lokeradha@gmail.com'),('Mohamed Shameer',NULL,'Dubai','Dubai',0,'97433749702','Null','m.ameenudeen@sc.qa'),('Madhan Kumar Murugesan','1984-03-20','No.8,97th Street\r\n15th Sector\r\nK.K.Nagar','Chennai',600078,'8056087573','B.E','madan.2028@gmail.com'),('Madhunika.A',NULL,'1/196 Brindhvan st\r\nSrinivasapuram\r\nMayiladuthurai','Nagapattinam',609001,'8248263931','MCA','madhudurai56@gmail.com'),('Mahalakshmi Thangathirupathy','1987-06-01','Null','Chennai',609001,'8056747047','MCA','mahalakshmi79@gmail.com'),('Maheshwaran.U.K','1992-11-17','191,R.K.Mutt Road\r\nS-1,Silver Nest \r\nMandaveli','Chennai',600028,'9962260479','B.E','maheshwaran.uk@gmail.com'),('Santhosh.A',NULL,'111,East Street\r\nGokilapuram\r\nUthmapalayam Taluk','Theni',625526,'9500458457','B.E(CSE)','mail2santhoshasokan@gmail.com'),('Anandan.M','1990-06-24','No.20 Maharaj Rons\r\nAlwarpet','Chennai',600018,'9597875025','B.E(CSE)','manandhancse@gmail.com'),('Manikandan.K.S','1995-03-23','No.1 1st Floor \r\nGanesh Nagar Main Road\r\nSolinganallur','Chennai',600119,'8973196915','MCA','manitrichy23@gmail.com'),('Manoj Kumar.S','1994-02-25','157A Anna Nagar \r\n1st Street \r\nThirumangalam','Madurai',625706,'9566821301','M.E(CSE)','manojbb19@gmail.com'),('Mari Selvam.D','1994-04-29','17/11 Durgai Amman Koil St\r\nThachanallur','Tirunelveli',627358,'8807741774','MCA','mariselvamd5@gmail.com'),('Mathan.B','1981-06-01','Plot No:1,1st Floor\r\nKrishna Nagar\r\nPallikaranai','Chennai',600100,'9500014692','B.E(ECE)','mathan.b@hotmail.com'),('Mariya Monica Celestina.A','1994-04-07','No.135,Royal Womens Hostel\r\nKodambakkam High Road\r\nT.Nagar','Chennai',600017,'9655497940','M.E(CSE)','monicadoss74@gmail.com'),('Gnana Prasanna.M','1995-06-28','No.62 Pavalamali Street\r\nPunga Nagar\r\n','Thiruvallur',602001,'9445831739','B.E(CSE)','mooliprasannachiti@gmail.com'),('Muthu Lakshmi.S','1989-01-18','No 2,Flora Ladies Hostel\r\n3rd Cross Street\r\nShartri Nagar\r\nAdyar','Chennai',600020,'8122019324','MSC(Maths)','muthumcc12@gmail.com'),('Nagappan.M',NULL,'Null','Germany',609001,'491727860855','Null','nagappanm@hotmail.com'),('Nantha Kumar.M',NULL,'Null','Chennai',600026,'9443140312','Null','nanthu_km1@gmail.com'),('Narenkumar.S','1992-09-08','Null\r\n','Tirunelveli',627757,'7708747591','B.E','narenkumar0809@gmail.com'),('Ruban.A','1993-09-11','Anthoniyarpuram\r\n','Pudukottai',614620,'9790478928','MCA','newlonrubat@gmail.com'),('Karthikeyan.N','1986-06-20','Flat.No:A816,\r\nSowbagaya Vjiyam Nagar,\r\nOpp.Fish Market\r\nThiru Porur','Chennai',603110,'9750044974','B.E','nkarthiece@gmail.com'),('Bhuvanesh.E','1995-01-23','3/54 Kakkam Street\r\nThalambur(OMR)','Chennai',600132,'9940439521','B.E(ECE)','omrbhuvi@gmail.com'),('Ashwin.P','1995-11-19','39,G.K.Manor\r\n7th Cross Street\r\nSowrashtra Nagar\r\nChoolaimedu','Chennai',600094,'7708402290','B.E(MECH)','p.ashwin86@gmail.com'),('Sai Suresh.P','1993-07-08','Block B-9,Flat No:2,\r\nSAF Games Village\r\nKoyambedu','Chennai',600107,'8939463404','B.E','paluvaisaisuresh@gmail.com'),('Pavithra Santhosh.V','1997-07-15','No.80/81 5th Main Road\r\nVelavan Nagar\r\nKaniyambadi','Vellore',632102,'9894178508','BCA','pavithrasanthoshvps@gmail.com'),('Pradeep.J','1991-10-01','81B,Manoj Street\r\nSri Pachaiammai Nagar\r\nOpposite to Arjun Garden\r\nGerugambakkam','Chennai',600116,'9940750172','B.E(CSE)','pradeepwa1134@gmail.com'),('Prakash.M','1997-02-22','No.12,Kailash Sector 2nd St\r\nKaladipet\r\nThiruvottiyur','Chennai',600019,'9940598483','B.E(IT)','prakash220297@gmail.com'),('Prasanna Kumar.N.K',NULL,'No.1/319.IHFD Nagar\r\nMadavakkam Post\r\nUrapakkam','Chennai',603202,'8008556865','MSC(IT)','prasannamstr1@gmail.com'),('Prasanth.B.M','1993-11-18','No.23,6th Cross Street\r\nMKB Nagar\r\nVyasarpadi','Chennai',600039,'9566167879','B.E(ECE)','prashant.13m@gmail.com'),('Raja Praveen.N','1989-07-28','Null','Chennai',600026,'9600976863','B.E','praveen1989k@gmail.com'),('Priyadharshini.A',NULL,'No.12,Thangavel Street\r\nOld Washermepet','Chennai',600021,'9551334530','B.E(CSE)','priya13.1996@gmail.com'),('Priya.M','1995-05-11','No.9/6 Varsha Hostel\r\nArumbakkam\r\nCMBT','Chennai',600107,'8124902258','B.E(CSE)','priyamohan.savi@gmail.com'),('Rabiya Syed','1988-06-06','No.4,Medavakkam Koot Road','Chennai',600100,'9894318981','B.E','rabiyasyed753@gmail.com'),('Hariram.K','1995-04-13','Room No.26,JV Guest House\r\nMuniyappa St\r\nTriplicane','Chennai',600014,'9400514272','B.E(MECH)','ramhariram13@gmail.com'),('Ranjan Ramanathan','1989-11-07','B-12,Thadikara Swamy Street\r\nAlandur','Chennai',600016,'8939073636','B.E(IT)','ranjan39.thambo@gmail.com'),('Robert Prabhu.R','1985-06-29','New No.8\r\nKalukundram Main Road\r\nTharamani','Chennai',600113,'7338860105','B.E','rrobertprabhu@gmail.com'),('Sai Bharat.R','1993-07-03','41/16 Everest Colony\r\nMogappair East','Chennai',600037,'9566232587','B.E(MECH)','rsaibharat77@gmail.com'),('Ruthra Priya.M','1995-12-19','No.330\'J\' Gowthamapuram\r\nRamana Nagar\r\nPerambur','Chennai',600011,'8148640791','B.E(IT)','ruthrapriya12@gmail.com'),('Ruthravel.J','1996-06-14','115/B, Vivekanandhar 1st Street\r\nPichnoorpet\r\nGudiyattam','Vellore',632602,'9384478744','BCA','ruthravel1996@gmail.com'),('Prakash.R',NULL,'33,Rice Mill St\r\nKavithoudalam','Chengalpattu',603001,'9003183005','Diploma','santhosh8748@gmail.com'),('Saran.S',NULL,'34,South Street\r\nVidathilampatti\r\nManaparai','Trichy',621307,'9787481639','B.E(CSE)','saransiva.7758@gmail.com'),('Sasikala Devi.M','1983-05-22','22,Kannan Nagar\r\n4th Street\r\nMaduravoyal','Chennai',600095,'9445868401','BBA','sasikaladevim83@gmail.com'),('Sathish Kumar Moorthy','1986-12-11','B8,Sugam Homes\r\nNo-6,Abraham Street\r\nAdambakkam','Chennai',600088,'9994695565','B.E','sat.cbe84@gmail.com'),('Satheesh Kumar.M',NULL,'Null','Chennai',600053,'9962987707','B.E','satheeshm82@gmail.com'),('Sethu Pathi Raja.M','1995-02-06','3/4 Gandhi Nagar Colony\r\nChinnamanur\r\n','Theni',625515,'7845511552','MCA','sethupathiraja1996@gmail.com'),('Sampath.T.V',NULL,'20B/43 East Mada Street\r\nLittle\r\n','Kanchipuram',631501,'9790060490','M.TECH','singusampath@gmail.com'),('Siva.M','1989-11-28','25/8 Dr.Ambedkar Street\r\nGandhi Nagar\r\nEast Tambaram','Chennai',600059,'9600198220','MCA','sivamohan.89@gmail.com'),('Vijayalakshmi.C.M',NULL,'No.139A,Kamarajar Nagar\r\nPudupattinam\r\nKalpakkam','Chennai',603102,'9445840806','BCA','skvdeeksha@gmail.com'),('Sowmya Venkataramani','1987-05-26','New#11,Mahalakshmi Nagar\r\n2nd Cross St\r\nAdambakkam','Chennai',600088,'8939963378','B.E(CSE)','sowmi.v87@gmail.com'),('Sridhar.M','1996-04-26','1/265,North Street\r\nSithaimoor(P.O)\r\nThirukkuvalai(TK)','Nagapattinam',610203,'9943869831','B.E(CSE)','sridharbala96@gmail.com'),('Srinivas Voleti','1981-04-28','5A F3,Hansa Appartments\r\nGlass Factory Road\r\nThiruvattriyur','Chennai',600019,'8939933889','B.COM','srinivasv121@gmail.com'),('Lokesh Rao.S.R','1990-08-13','No.25A Velmurugan Nagar\r\n2nd Street\r\nVinayagapuram','Chennai',600099,'9677199503','B.E(IT)','srlokeshrao@gmail.com'),('Subhakar.S','1995-08-16','74,North Street\r\nM.K.Pettai\r\nP.V.Kovil','Trichy',620005,'9585958575','B.E(ECE)','subhakarp72@gmail.com'),('Sudhakaran.M',NULL,'Null','Chennai',609001,'9840313536','MCA','sudhakaran_mca@yahoo.com'),('Suganya.R','1997-06-07','3/216,Kallar Street,\r\nMahadevappattanam\r\nMannargudi','Thiruvarur',614018,'9092684160','B.E','suganya97r@gmail.com'),('Surendar.K','1992-12-02','Gummidipoondi','Chennai',601201,'9444982898','B.E','surendar.surean@gmail.com'),('Suriyanarayanan.M','1996-04-17','25 Main Road\r\nPuthar street\r\nPerungalathur','Chennai',600063,'9443578679','B.E(EEE)','suryanarayanan200@gmail.com'),('Syed Zeeshan Ahamed.Z',NULL,'No:4/2 Portuguese Church Street\r\n3rd Lance Seven wells\r\n','Chennai',600001,'9884185613','BCA','sza15196@gmail.com'),('Tamil Selvi.S','1994-09-09','#12,Ramakrishna St,\r\nMenambedu,\r\nAmbattur','Chennai',600053,'7397408915','B.E(EEE)','tselvi133@gmail.com'),('Divyadarshini.P.H',NULL,'Null','Chennai',600093,'8870423288','B.E(ECE)','varmandivya2595@gmail.com'),('Gurram Venkatesh','1994-03-30','D.No:2/10 Avvai Extension Street\r\nNew Perungalathur','Chennai',600063,'9962377287','B.E','venkatesh_sreeram@hotmail.com'),('Venugopal.P','1996-02-07','Flat No-19\r\nViman Nagar\r\nPallavaram','Chennai',6000074,'8870597941','B.E(CSE)','venki7296@gmail.com'),('Vigneswaran.M',NULL,'Korattur\r\n','Tiruvallur',600080,'9600295012','B.E(CSE)','vignes541@gmail.com'),('Chinniah.N',NULL,'Medavakam\r\n','Chennai',600100,'7402288258','B.E(ECE)','vignesh2695@gmail.com'),('Vignesh Surya Prasath.M','1996-04-16','5/15 Sriram Nagar\r\nTaramani Post','Chennai',600113,'8220413575','B.E(ECE)','vigneshsurya16496@gmail.com'),('Vignesh.M','1996-07-13','1/157 Palandi Amman Kovil Street\r\nNavalur\r\nOMR Road','Chennai',603103,'7418228292','B.E(ECE)','vigneshtamil55@gmail.com'),('Vijay.D',NULL,'82/2,Ramya Nivas\r\nChitrampalam Layout\r\nP.N,Palayam','Coimbatore',641037,'9159187453','B.E(CSE)','vijayece63@gmail.com'),('Vikram.R',NULL,'1380,29th Cross Street\r\nB.V Colony\r\nVyasarpadi','Chennai',600039,'9962646235','B.E(CIVIL)','vikramsekmet@gmail.com'),('Vimal Antony.A','1994-05-01','111,7th Street\r\nMoulana Nagar\r\nTambaram Sanitorium','Chennai',600045,'8973714375','MCA','vimalantony04@gmail.com'),('Vinoth Kumar.S',NULL,'Null','Chennai',600093,'9500197393','B.TECH(IT)','vinothkumarit1993@gmail.com'),('Vinusha.A','1995-11-29','No.1 1st Cross\r\nSumithra Nagar\r\nPoonamallee','Chennai',600056,'9940651385','BCA','vinuashok95@gmail.com'),('Bala Subramanian.K.U','1996-08-15','Plot No:127,Thilagar Avenue\r\n7th Cross Street\r\nRalaiah Garden \r\nMadipakkam','Chennai',600091,'9087707819','B.E(ECE)','vishnubala531@gmail.com'),('Vishnu Ramkumar.G','1995-09-16','7B,Perumal West Car Street\r\nPalayamkottai\r\n','Tirunelveli',627002,'7200223636','B.E','vishnuleonramkumar@gmail.com'),('Arulmalar Viswanathan','1985-05-08','Null','Chennai',600026,'9677982685','BSC','vmalar85@gmail.com'),('Yeshwanth Singh.M','1995-10-28','Flat No:E3,RC Riviera\r\nSurapet Main Road\r\nPuthagaram','Chennai',600099,'8667240759','B.E(ECE)','yeshwanthsingh34@gmail.com');
/*!40000 ALTER TABLE `student` ENABLE KEYS */;
UNLOCK TABLES;

--
-- Table structure for table `student_course_map`
--

DROP TABLE IF EXISTS `student_course_map`;
/*!40101 SET @saved_cs_client     = @@character_set_client */;
 SET character_set_client = utf8mb4 ;
CREATE TABLE `student_course_map` (
  `email` varchar(50) NOT NULL DEFAULT '',
  `coursecode` varchar(20) NOT NULL DEFAULT '',
  PRIMARY KEY (`email`,`coursecode`),
  KEY `add_fkk` (`coursecode`),
  CONSTRAINT `add_fkk` FOREIGN KEY (`coursecode`) REFERENCES `course` (`coursecode`)
) ENGINE=InnoDB DEFAULT CHARSET=latin1;
/*!40101 SET character_set_client = @saved_cs_client */;

--
-- Dumping data for table `student_course_map`
--

LOCK TABLES `student_course_map` WRITE;
/*!40000 ALTER TABLE `student_course_map` DISABLE KEYS */;
INSERT INTO `student_course_map` VALUES ('kishore.111291@gmail.com','AN & NO'),('karthicspeaks@gmail.com','CDBA'),('manitrichy23@gmail.com','CDBA'),('nagappanm@hotmail.com','CDBA'),('praveen1989k@gmail.com','CDBA'),('vignesh2695@gmail.com','CDBA'),('jegan534@gmail.com','CORE JAVA'),('kowshick555@gmail.com','CORE JAVA'),('prashant.13m@gmail.com','CORE JAVA'),('venki7296@gmail.com','CORE JAVA'),('vinuashok95@gmail.com','CORE JAVA'),('kar06thick@gmail.com','FS'),('koushikram092@gmail.com','FS'),('latharamani42@gmail.com','FS'),('pradeepwa1134@gmail.com','FS'),('baskarsmca89@gmail.com','GG'),('joneschristoam@gmail.com','GG'),('kesavijay@gmail.com','GG'),('kiruba87@gmail.com','GG'),('maheshwaran.uk@gmail.com','GG'),('nkarthiece@gmail.com','GG'),('rrobertprabhu@gmail.com','GG'),('gokulsrinivasav77@gmail.com','IJAD'),('lokeradha@gmail.com','IJAD'),('priya13.1996@gmail.com','IJAD'),('subhakarp72@gmail.com','IJAD'),('sudhakaran_mca@yahoo.com','MYSQL'),('m.ameenudeen@sc.qa','NF'),('anushiyathangavel@gmail.com','OBE'),('arivumani04@gmail.com','OBE'),('bvadivelan@gmail.com','OBE'),('chitranadanam@gmail.com','OBE'),('ganeshram1995@gmail.com','OBE'),('gggowtham1@gmail.com','OBE'),('jagadees6995@gmail.com','OBE'),('k.babu92@gmail.com','OBE'),('kirankumar2k6@gmail.com','OBE'),('kokilap.btech@gmail.com','OBE'),('muthumcc12@gmail.com','OBE'),('newlonrubat@gmail.com','OBE'),('pavithrasanthoshvps@gmail.com','OBE'),('priyamohan.savi@gmail.com','OBE'),('ranjan39.thambo@gmail.com','OBE'),('rsaibharat77@gmail.com','OBE'),('ruthravel1996@gmail.com','OBE'),('saransiva.7758@gmail.com','OBE'),('singusampath@gmail.com','OBE'),('sowmi.v87@gmail.com','OBE'),('suganya97r@gmail.com','OBE'),('varmandivya2595@gmail.com','OBE'),('vignes541@gmail.com','OBE'),('vijayece63@gmail.com','OBE'),('anjuvijaya95@gmail.com','ODBA'),('balaji.doc95@gmail.com','ODBA'),('dineshusd29@gmail.com','ODBA'),('elwynbetzar@gmail.com','ODBA'),('firthousebanu.banu@gmail.com','ODBA'),('gokul201091@yahoo.co.in','ODBA'),('karthikshan2113@gmail.com','ODBA'),('link2vidhya@gmail.com','ODBA'),('mail2santhoshasokan@gmail.com','ODBA'),('manandhancse@gmail.com','ODBA'),('narenkumar0809@gmail.com','ODBA'),('paluvaisaisuresh@gmail.com','ODBA'),('prasannamstr1@gmail.com','ODBA'),('santhosh8748@gmail.com','ODBA'),('sasikaladevim83@gmail.com','ODBA'),('sat.cbe84@gmail.com','ODBA'),('sivamohan.89@gmail.com','ODBA'),('skvdeeksha@gmail.com','ODBA'),('srlokeshrao@gmail.com','ODBA'),('sza15196@gmail.com','ODBA'),('tselvi133@gmail.com','ODBA'),('venkatesh_sreeram@hotmail.com','ODBA'),('vigneshsurya16496@gmail.com','ODBA'),('agprakash.ece@gmail.com','OJAD'),('bharathraghuvaran006@gmail.com','OJAD'),('dillonmclane95@gmail.com','OJAD'),('elstin1201@gmail.com','OJAD'),('gokul.alaguvel@gmail.com','OJAD'),('helina.dixit@gmail.com','OJAD'),('hiabhi95@gmail.com','OJAD'),('imayanmail@gmail.com','OJAD'),('invyink93@gmail.com','OJAD'),('janarthan004@gmail.com','OJAD'),('jebinkumar6@gmail.com','OJAD'),('kanchanadevics@gmail.com','OJAD'),('madhudurai56@gmail.com','OJAD'),('mariselvamd5@gmail.com','OJAD'),('mooliprasannachiti@gmail.com','OJAD'),('omrbhuvi@gmail.com','OJAD'),('p.ashwin86@gmail.com','OJAD'),('ramhariram13@gmail.com','OJAD'),('ruthrapriya12@gmail.com','OJAD'),('sethupathiraja1996@gmail.com','OJAD'),('sridharbala96@gmail.com','OJAD'),('surendar.surean@gmail.com','OJAD'),('suryanarayanan200@gmail.com','OJAD'),('vigneshtamil55@gmail.com','OJAD'),('vimalantony04@gmail.com','OJAD'),('vinothkumarit1993@gmail.com','OJAD'),('vishnubala531@gmail.com','OJAD'),('yeshwanthsingh34@gmail.com','OJAD'),('ashok.teamm@gmail.com','PL/SQL'),('binufrancy@yahoo.com','PL/SQL'),('kokiladevi.d@gmail.com','PL/SQL'),('lk.aravind2@gmail.com','PL/SQL'),('vishnuleonramkumar@gmail.com','PL/SQL'),('vmalar85@gmail.com','PL/SQL'),('nanthu_km1@gmail.com','PT'),('anmol176@hotmail.com','SQL'),('mahalakshmi79@gmail.com','SQL'),('manojbb19@gmail.com','SQL'),('mathan.b@hotmail.com','SQL'),('monicadoss74@gmail.com','SQL'),('satheeshm82@gmail.com','SQL'),('srinivasv121@gmail.com','SQL'),('vikramsekmet@gmail.com','SQL'),('bhaskarmurali92@gmail.com','WL'),('dannybala123@gmail.com','WL'),('karthic.santhanam@gmail.com','WL'),('prakash220297@gmail.com','WL'),('garun1sundar@gmail.com','WS II'),('madan.2028@gmail.com','WS II'),('rabiyasyed753@gmail.com','WS II');
/*!40000 ALTER TABLE `student_course_map` ENABLE KEYS */;
UNLOCK TABLES;
/*!50003 SET @saved_cs_client      = @@character_set_client */ ;
/*!50003 SET @saved_cs_results     = @@character_set_results */ ;
/*!50003 SET @saved_col_connection = @@collation_connection */ ;
/*!50003 SET character_set_client  = utf8 */ ;
/*!50003 SET character_set_results = utf8 */ ;
/*!50003 SET collation_connection  = utf8_general_ci */ ;
/*!50003 SET @saved_sql_mode       = @@sql_mode */ ;
/*!50003 SET sql_mode              = 'STRICT_TRANS_TABLES,NO_ENGINE_SUBSTITUTION' */ ;
DELIMITER ;;
/*!50003 CREATE*/ /*!50017 DEFINER=`root`@`localhost`*/ /*!50003 TRIGGER `coursemap` AFTER INSERT ON `student_course_map` FOR EACH ROW begin
insert into student_status  select email,modulecode,upper('pending') from 
student_course_map a join course_module_map b where b.coursecode=new.coursecode
and a.email=new.email;
end */;;
DELIMITER ;
/*!50003 SET sql_mode              = @saved_sql_mode */ ;
/*!50003 SET character_set_client  = @saved_cs_client */ ;
/*!50003 SET character_set_results = @saved_cs_results */ ;
/*!50003 SET collation_connection  = @saved_col_connection */ ;

--
-- Table structure for table `student_status`
--

DROP TABLE IF EXISTS `student_status`;
/*!40101 SET @saved_cs_client     = @@character_set_client */;
 SET character_set_client = utf8mb4 ;
CREATE TABLE `student_status` (
  `email` varchar(40) NOT NULL DEFAULT '',
  `modulecode` varchar(20) NOT NULL DEFAULT '',
  `status` varchar(20) NOT NULL,
  PRIMARY KEY (`email`,`modulecode`)
) ENGINE=InnoDB DEFAULT CHARSET=latin1;
/*!40101 SET character_set_client = @saved_cs_client */;

--
-- Dumping data for table `student_status`
--

LOCK TABLES `student_status` WRITE;
/*!40000 ALTER TABLE `student_status` DISABLE KEYS */;
INSERT INTO `student_status` VALUES ('agprakash.ece@gmail.com','D80174GC11S','COMPLETED'),('agprakash.ece@gmail.com','D80186GC11S','COMPLETED'),('agprakash.ece@gmail.com','D83527GC10S','COMPLETED'),('agprakash.ece@gmail.com','D84838GC10S','COMPLETED'),('agprakash.ece@gmail.com','D84842GC10S','COMPLETED'),('anjuvijaya95@gmail.com','D78846GC20S','ONGOING'),('anjuvijaya95@gmail.com','D78850GC20S','PENDING'),('anjuvijaya95@gmail.com','D79128GC10S','PENDING'),('anjuvijaya95@gmail.com','D80174GC11S','COMPLETED'),('anmol176@hotmail.com','D80174GC11S','COMPLETED'),('anushiyathangavel@gmail.com','D80174GC11S','COMPLETED'),('anushiyathangavel@gmail.com','D80186GC11S','COMPLETED'),('arivumani04@gmail.com','D80174GC11S','COMPLETED'),('arivumani04@gmail.com','D80186GC11S','COMPLETED'),('ashok.teamm@gmail.com','D80186GC11S','COMPLETED'),('balaji.doc95@gmail.com','D78846GC20S','COMPLETED'),('balaji.doc95@gmail.com','D78850GC20S','COMPLETED'),('balaji.doc95@gmail.com','D79128GC10S','COMPLETED'),('balaji.doc95@gmail.com','D80174GC11S','COMPLETED'),('baskarsmca89@gmail.com','D84357GC10S','COMPLETED'),('bharathraghuvaran006@gmail.com','D80174GC11S','COMPLETED'),('bharathraghuvaran006@gmail.com','D80186GC11S','COMPLETED'),('bharathraghuvaran006@gmail.com','D83527GC10S','COMPLETED'),('bharathraghuvaran006@gmail.com','D84838GC10S','COMPLETED'),('bharathraghuvaran006@gmail.com','D84842GC10S','PENDING'),('bhaskarmurali92@gmail.com','D80149GC20','COMPLETED'),('binufrancy@yahoo.com','D80186GC11S','PENDING'),('bvadivelan@gmail.com','D80174GC11S','COMPLETED'),('bvadivelan@gmail.com','D80186GC11S','PENDING'),('chitranadanam@gmail.com','D80174GC11S','COMPLETED'),('chitranadanam@gmail.com','D80186GC11S','PENDING'),('dannybala123@gmail.com','D80149GC20','COMPLETED'),('dillonmclane95@gmail.com','D80174GC11S','COMPLETED'),('dillonmclane95@gmail.com','D80186GC11S','COMPLETED'),('dillonmclane95@gmail.com','D83527GC10S','COMPLETED'),('dillonmclane95@gmail.com','D84838GC10S','COMPLETED'),('dillonmclane95@gmail.com','D84842GC10S','COMPLETED'),('dineshusd29@gmail.com','D78846GC20S','COMPLETED'),('dineshusd29@gmail.com','D78850GC20S','COMPLETED'),('dineshusd29@gmail.com','D79128GC10S','COMPLETED'),('dineshusd29@gmail.com','D80174GC11S','COMPLETED'),('elstin1201@gmail.com','D80174GC11S','COMPLETED'),('elstin1201@gmail.com','D80186GC11S','COMPLETED'),('elstin1201@gmail.com','D83527GC10S','COMPLETED'),('elstin1201@gmail.com','D84838GC10S','COMPLETED'),('elstin1201@gmail.com','D84842GC10S','COMPLETED'),('elwynbetzar@gmail.com','D78846GC20S','COMPLETED'),('elwynbetzar@gmail.com','D78850GC20S','PENDING'),('elwynbetzar@gmail.com','D79128GC10S','PENDING'),('elwynbetzar@gmail.com','D80174GC11S','COMPLETED'),('firthousebanu.banu@gmail.com','D78846GC20S','COMPLETED'),('firthousebanu.banu@gmail.com','D78850GC20S','PENDING'),('firthousebanu.banu@gmail.com','D79128GC10S','PENDING'),('firthousebanu.banu@gmail.com','D80174GC11S','COMPLETED'),('ganeshram1995@gmail.com','D80174GC11S','COMPLETED'),('ganeshram1995@gmail.com','D80186GC11S','COMPLETED'),('garun1sundar@gmail.com','D78850GC20S','PENDING'),('garun1sundar@gmail.com','D79128GC10S','PENDING'),('gggowtham1@gmail.com','D80174GC11S','COMPLETED'),('gggowtham1@gmail.com','D80186GC11S','PENDING'),('gokul.alaguvel@gmail.com','D80174GC11S','COMPLETED'),('gokul.alaguvel@gmail.com','D80186GC11S','COMPLETED'),('gokul.alaguvel@gmail.com','D83527GC10S','COMPLETED'),('gokul.alaguvel@gmail.com','D84838GC10S','COMPLETED'),('gokul.alaguvel@gmail.com','D84842GC10S','COMPLETED'),('gokul201091@yahoo.co.in','D78846GC20S','COMPLETED'),('gokul201091@yahoo.co.in','D78850GC20S','COMPLETED'),('gokul201091@yahoo.co.in','D79128GC10S','COMPLETED'),('gokul201091@yahoo.co.in','D80174GC11S','COMPLETED'),('gokulsrinivasav77@gmail.com','D65271GC11S','COMPLETED'),('gokulsrinivasav77@gmail.com','D83527GC10S','COMPLETED'),('gokulsrinivasav77@gmail.com','D84838GC10S','COMPLETED'),('gokulsrinivasav77@gmail.com','D84842GC10S','COMPLETED'),('helina.dixit@gmail.com','D80174GC11S','COMPLETED'),('helina.dixit@gmail.com','D80186GC11S','COMPLETED'),('helina.dixit@gmail.com','D83527GC10S','COMPLETED'),('helina.dixit@gmail.com','D84838GC10S','COMPLETED'),('helina.dixit@gmail.com','D84842GC10S','COMPLETED'),('hiabhi95@gmail.com','D80174GC11S','COMPLETED'),('hiabhi95@gmail.com','D80186GC11S','PENDING'),('hiabhi95@gmail.com','D83527GC10S','COMPLETED'),('hiabhi95@gmail.com','D84838GC10S','COMPLETED'),('hiabhi95@gmail.com','D84842GC10S','COMPLETED'),('imayanmail@gmail.com','D80174GC11S','PENDING'),('imayanmail@gmail.com','D80186GC11S','PENDING'),('imayanmail@gmail.com','D83527GC10S','PENDING'),('imayanmail@gmail.com','D84838GC10S','PENDING'),('imayanmail@gmail.com','D84842GC10S','PENDING'),('invyink93@gmail.com','D80174GC11S','COMPLETED'),('invyink93@gmail.com','D80186GC11S','COMPLETED'),('invyink93@gmail.com','D83527GC10S','PENDING'),('invyink93@gmail.com','D84838GC10S','PENDING'),('invyink93@gmail.com','D84842GC10S','COMPLETED'),('jagadees6995@gmail.com','D80174GC11S','COMPLETED'),('jagadees6995@gmail.com','D80186GC11S','COMPLETED'),('janarthan004@gmail.com','D80174GC11S','COMPLETED'),('janarthan004@gmail.com','D80186GC11S','COMPLETED'),('janarthan004@gmail.com','D83527GC10S','COMPLETED'),('janarthan004@gmail.com','D84838GC10S','COMPLETED'),('janarthan004@gmail.com','D84842GC10S','COMPLETED'),('jebinkumar6@gmail.com','D80174GC11S','COMPLETED'),('jebinkumar6@gmail.com','D80186GC11S','COMPLETED'),('jebinkumar6@gmail.com','D83527GC10S','ONGOING'),('jebinkumar6@gmail.com','D84838GC10S','PENDING'),('jebinkumar6@gmail.com','D84842GC10S','PENDING'),('jegan534@gmail.com','D83527GC10S','COMPLETED'),('jegan534@gmail.com','D84838GC10S','COMPLETED'),('jegan534@gmail.com','D84842GC10S','COMPLETED'),('joneschristoam@gmail.com','D84357GC10S','COMPLETED'),('k.babu92@gmail.com','D80174GC11S','COMPLETED'),('k.babu92@gmail.com','D80186GC11S','PENDING'),('kanchanadevics@gmail.com','D80174GC11S','COMPLETED'),('kanchanadevics@gmail.com','D80186GC11S','COMPLETED'),('kanchanadevics@gmail.com','D83527GC10S','COMPLETED'),('kanchanadevics@gmail.com','D84838GC10S','COMPLETED'),('kanchanadevics@gmail.com','D84842GC10S','COMPLETED'),('kar06thick@gmail.com','D100','PENDING'),('kar06thick@gmail.com','D101','PENDING'),('kar06thick@gmail.com','D102','ONGOING'),('kar06thick@gmail.com','D103','PENDING'),('karthic.santhanam@gmail.com','D80149GC20','COMPLETED'),('karthicspeaks@gmail.com','D78846GC20S','COMPLETED'),('karthicspeaks@gmail.com','D78850GC20S','COMPLETED'),('karthicspeaks@gmail.com','D79128GC10S','COMPLETED'),('karthikshan2113@gmail.com','D78846GC20S','COMPLETED'),('karthikshan2113@gmail.com','D78850GC20S','COMPLETED'),('karthikshan2113@gmail.com','D79128GC10S','COMPLETED'),('karthikshan2113@gmail.com','D80174GC11S','COMPLETED'),('kesavijay@gmail.com','D84357GC10S','COMPLETED'),('kirankumar2k6@gmail.com','D80174GC11S','COMPLETED'),('kirankumar2k6@gmail.com','D80186GC11S','PENDING'),('kiruba87@gmail.com','D84357GC10S','COMPLETED'),('kishore.111291@gmail.com','D101','PENDING'),('kishore.111291@gmail.com','D103','PENDING'),('kokiladevi.d@gmail.com','D80186GC11S','COMPLETED'),('kokilap.btech@gmail.com','D80174GC11S','COMPLETED'),('kokilap.btech@gmail.com','D80186GC11S','COMPLETED'),('koushikram092@gmail.com','D100','PENDING'),('koushikram092@gmail.com','D101','PENDING'),('koushikram092@gmail.com','D102','ONGOING'),('koushikram092@gmail.com','D103','PENDING'),('kowshick555@gmail.com','D83527GC10S','COMPLETED'),('kowshick555@gmail.com','D84838GC10S','COMPLETED'),('kowshick555@gmail.com','D84842GC10S','COMPLETED'),('latharamani42@gmail.com','D100','PENDING'),('latharamani42@gmail.com','D101','PENDING'),('latharamani42@gmail.com','D102','ONGOING'),('latharamani42@gmail.com','D103','PENDING'),('link2vidhya@gmail.com','D78846GC20S','COMPLETED'),('link2vidhya@gmail.com','D78850GC20S','COMPLETED'),('link2vidhya@gmail.com','D79128GC10S','COMPLETED'),('link2vidhya@gmail.com','D80174GC11S','PENDING'),('lk.aravind2@gmail.com','D80186GC11S','COMPLETED'),('lokeradha@gmail.com','D65271GC11S','COMPLETED'),('lokeradha@gmail.com','D83527GC10S','COMPLETED'),('lokeradha@gmail.com','D84838GC10S','COMPLETED'),('lokeradha@gmail.com','D84842GC10S','COMPLETED'),('m.ameenudeen@sc.qa','D77758GC20S','COMPLETED'),('madan.2028@gmail.com','D78850GC20S','COMPLETED'),('madan.2028@gmail.com','D79128GC10S','COMPLETED'),('madhudurai56@gmail.com','D80174GC11S','COMPLETED'),('madhudurai56@gmail.com','D80186GC11S','COMPLETED'),('madhudurai56@gmail.com','D83527GC10S','COMPLETED'),('madhudurai56@gmail.com','D84838GC10S','COMPLETED'),('madhudurai56@gmail.com','D84842GC10S','COMPLETED'),('mahalakshmi79@gmail.com','D80174GC11S','COMPLETED'),('maheshwaran.uk@gmail.com','D84357GC10S','COMPLETED'),('mail2santhoshasokan@gmail.com','D78846GC20S','COMPLETED'),('mail2santhoshasokan@gmail.com','D78850GC20S','COMPLETED'),('mail2santhoshasokan@gmail.com','D79128GC10S','COMPLETED'),('mail2santhoshasokan@gmail.com','D80174GC11S','COMPLETED'),('manandhancse@gmail.com','D78846GC20S','COMPLETED'),('manandhancse@gmail.com','D78850GC20S','COMPLETED'),('manandhancse@gmail.com','D79128GC10S','COMPLETED'),('manandhancse@gmail.com','D80174GC11S','COMPLETED'),('manitrichy23@gmail.com','D78846GC20S','COMPLETED'),('manitrichy23@gmail.com','D78850GC20S','COMPLETED'),('manitrichy23@gmail.com','D79128GC10S','COMPLETED'),('manojbb19@gmail.com','D80174GC11S','COMPLETED'),('mariselvamd5@gmail.com','D80174GC11S','COMPLETED'),('mariselvamd5@gmail.com','D80186GC11S','ONGOING'),('mariselvamd5@gmail.com','D83527GC10S','PENDING'),('mariselvamd5@gmail.com','D84838GC10S','PENDING'),('mariselvamd5@gmail.com','D84842GC10S','PENDING'),('mathan.b@hotmail.com','D80174GC11S','COMPLETED'),('monicadoss74@gmail.com','D80174GC11S','COMPLETED'),('mooliprasannachiti@gmail.com','D80174GC11S','COMPLETED'),('mooliprasannachiti@gmail.com','D80186GC11S','ONGOING'),('mooliprasannachiti@gmail.com','D83527GC10S','COMPLETED'),('mooliprasannachiti@gmail.com','D84838GC10S','COMPLETED'),('mooliprasannachiti@gmail.com','D84842GC10S','COMPLETED'),('muthumcc12@gmail.com','D80174GC11S','COMPLETED'),('muthumcc12@gmail.com','D80186GC11S','COMPLETED'),('nagappanm@hotmail.com','D78846GC20S','COMPLETED'),('nagappanm@hotmail.com','D78850GC20S','ONGOING'),('nagappanm@hotmail.com','D79128GC10S','PENDING'),('nanthu_km1@gmail.com','D50317GC20S','COMPLETED'),('narenkumar0809@gmail.com','D78846GC20S','PENDING'),('narenkumar0809@gmail.com','D78850GC20S','PENDING'),('narenkumar0809@gmail.com','D79128GC10S','PENDING'),('narenkumar0809@gmail.com','D80174GC11S','COMPLETED'),('newlonrubat@gmail.com','D80174GC11S','COMPLETED'),('newlonrubat@gmail.com','D80186GC11S','COMPLETED'),('nkarthiece@gmail.com','D84357GC10S','COMPLETED'),('omrbhuvi@gmail.com','D80174GC11S','COMPLETED'),('omrbhuvi@gmail.com','D80186GC11S','COMPLETED'),('omrbhuvi@gmail.com','D83527GC10S','COMPLETED'),('omrbhuvi@gmail.com','D84838GC10S','COMPLETED'),('omrbhuvi@gmail.com','D84842GC10S','COMPLETED'),('p.ashwin86@gmail.com','D80174GC11S','COMPLETED'),('p.ashwin86@gmail.com','D80186GC11S','COMPLETED'),('p.ashwin86@gmail.com','D83527GC10S','ONGOING'),('p.ashwin86@gmail.com','D84838GC10S','PENDING'),('p.ashwin86@gmail.com','D84842GC10S','PENDING'),('paluvaisaisuresh@gmail.com','D78846GC20S','COMPLETED'),('paluvaisaisuresh@gmail.com','D78850GC20S','PENDING'),('paluvaisaisuresh@gmail.com','D79128GC10S','PENDING'),('paluvaisaisuresh@gmail.com','D80174GC11S','COMPLETED'),('pavithrasanthoshvps@gmail.com','D80174GC11S','COMPLETED'),('pavithrasanthoshvps@gmail.com','D80186GC11S','ONGOING'),('pradeepwa1134@gmail.com','D100','PENDING'),('pradeepwa1134@gmail.com','D101','PENDING'),('pradeepwa1134@gmail.com','D102','ONGOING'),('pradeepwa1134@gmail.com','D103','PENDING'),('prakash220297@gmail.com','D80149GC20','COMPLETED'),('prasannamstr1@gmail.com','D78846GC20S','PENDING'),('prasannamstr1@gmail.com','D78850GC20S','PENDING'),('prasannamstr1@gmail.com','D79128GC10S','PENDING'),('prasannamstr1@gmail.com','D80174GC11S','COMPLETED'),('prashant.13m@gmail.com','D83527GC10S','ONGOING'),('prashant.13m@gmail.com','D84838GC10S','PENDING'),('prashant.13m@gmail.com','D84842GC10S','PENDING'),('praveen1989k@gmail.com','D78846GC20S','COMPLETED'),('praveen1989k@gmail.com','D78850GC20S','COMPLETED'),('praveen1989k@gmail.com','D79128GC10S','COMPLETED'),('priya13.1996@gmail.com','D65271GC11S','COMPLETED'),('priya13.1996@gmail.com','D83527GC10S','COMPLETED'),('priya13.1996@gmail.com','D84838GC10S','COMPLETED'),('priya13.1996@gmail.com','D84842GC10S','COMPLETED'),('priyamohan.savi@gmail.com','D80174GC11S','COMPLETED'),('priyamohan.savi@gmail.com','D80186GC11S','COMPLETED'),('rabiyasyed753@gmail.com','D78850GC20S','COMPLETED'),('rabiyasyed753@gmail.com','D79128GC10S','COMPLETED'),('ramhariram13@gmail.com','D80174GC11S','COMPLETED'),('ramhariram13@gmail.com','D80186GC11S','ONGOING'),('ramhariram13@gmail.com','D83527GC10S','PENDING'),('ramhariram13@gmail.com','D84838GC10S','PENDING'),('ramhariram13@gmail.com','D84842GC10S','PENDING'),('ranjan39.thambo@gmail.com','D80174GC11S','COMPLETED'),('ranjan39.thambo@gmail.com','D80186GC11S','PENDING'),('rrobertprabhu@gmail.com','D84357GC10S','COMPLETED'),('rsaibharat77@gmail.com','D80174GC11S','ONGOING'),('rsaibharat77@gmail.com','D80186GC11S','PENDING'),('ruthrapriya12@gmail.com','D80174GC11S','COMPLETED'),('ruthrapriya12@gmail.com','D80186GC11S','COMPLETED'),('ruthrapriya12@gmail.com','D83527GC10S','COMPLETED'),('ruthrapriya12@gmail.com','D84838GC10S','COMPLETED'),('ruthrapriya12@gmail.com','D84842GC10S','COMPLETED'),('ruthravel1996@gmail.com','D80174GC11S','COMPLETED'),('ruthravel1996@gmail.com','D80186GC11S','ONGOING'),('santhosh8748@gmail.com','D78846GC20S','COMPLETED'),('santhosh8748@gmail.com','D78850GC20S','PENDING'),('santhosh8748@gmail.com','D79128GC10S','PENDING'),('santhosh8748@gmail.com','D80174GC11S','COMPLETED'),('saransiva.7758@gmail.com','D80174GC11S','COMPLETED'),('saransiva.7758@gmail.com','D80186GC11S','COMPLETED'),('sasikaladevim83@gmail.com','D78846GC20S','COMPLETED'),('sasikaladevim83@gmail.com','D78850GC20S','COMPLETED'),('sasikaladevim83@gmail.com','D79128GC10S','COMPLETED'),('sasikaladevim83@gmail.com','D80174GC11S','COMPLETED'),('sat.cbe84@gmail.com','D78846GC20S','COMPLETED'),('sat.cbe84@gmail.com','D78850GC20S','COMPLETED'),('sat.cbe84@gmail.com','D79128GC10S','COMPLETED'),('sat.cbe84@gmail.com','D80174GC11S','PENDING'),('satheeshm82@gmail.com','D80174GC11S','COMPLETED'),('sethupathiraja1996@gmail.com','D80174GC11S','PENDING'),('sethupathiraja1996@gmail.com','D80186GC11S','PENDING'),('sethupathiraja1996@gmail.com','D83527GC10S','PENDING'),('sethupathiraja1996@gmail.com','D84838GC10S','PENDING'),('sethupathiraja1996@gmail.com','D84842GC10S','PENDING'),('singusampath@gmail.com','D80174GC11S','COMPLETED'),('singusampath@gmail.com','D80186GC11S','COMPLETED'),('sivamohan.89@gmail.com','D78846GC20S','COMPLETED'),('sivamohan.89@gmail.com','D78850GC20S','COMPLETED'),('sivamohan.89@gmail.com','D79128GC10S','COMPLETED'),('sivamohan.89@gmail.com','D80174GC11S','COMPLETED'),('skvdeeksha@gmail.com','D78846GC20S','COMPLETED'),('skvdeeksha@gmail.com','D78850GC20S','COMPLETED'),('skvdeeksha@gmail.com','D79128GC10S','COMPLETED'),('skvdeeksha@gmail.com','D80174GC11S','COMPLETED'),('sowmi.v87@gmail.com','D80174GC11S','COMPLETED'),('sowmi.v87@gmail.com','D80186GC11S','ONGOING'),('sridharbala96@gmail.com','D80174GC11S','COMPLETED'),('sridharbala96@gmail.com','D80186GC11S','COMPLETED'),('sridharbala96@gmail.com','D83527GC10S','COMPLETED'),('sridharbala96@gmail.com','D84838GC10S','COMPLETED'),('sridharbala96@gmail.com','D84842GC10S','COMPLETED'),('srinivasv121@gmail.com','D80174GC11S','COMPLETED'),('srlokeshrao@gmail.com','D78846GC20S','PENDING'),('srlokeshrao@gmail.com','D78850GC20S','PENDING'),('srlokeshrao@gmail.com','D79128GC10S','PENDING'),('srlokeshrao@gmail.com','D80174GC11S','ONGOING'),('subhakarp72@gmail.com','D65271GC11S','COMPLETED'),('subhakarp72@gmail.com','D83527GC10S','COMPLETED'),('subhakarp72@gmail.com','D84838GC10S','COMPLETED'),('subhakarp72@gmail.com','D84842GC10S','COMPLETED'),('suganya97r@gmail.com','D80174GC11S','ONGOING'),('suganya97r@gmail.com','D80186GC11S','PENDING'),('surendar.surean@gmail.com','D80174GC11S','COMPLETED'),('surendar.surean@gmail.com','D80186GC11S','COMPLETED'),('surendar.surean@gmail.com','D83527GC10S','PENDING'),('surendar.surean@gmail.com','D84838GC10S','PENDING'),('surendar.surean@gmail.com','D84842GC10S','PENDING'),('suryanarayanan200@gmail.com','D80174GC11S','COMPLETED'),('suryanarayanan200@gmail.com','D80186GC11S','COMPLETED'),('suryanarayanan200@gmail.com','D83527GC10S','COMPLETED'),('suryanarayanan200@gmail.com','D84838GC10S','COMPLETED'),('suryanarayanan200@gmail.com','D84842GC10S','COMPLETED'),('sza15196@gmail.com','D78846GC20S','ONGOING'),('sza15196@gmail.com','D78850GC20S','PENDING'),('sza15196@gmail.com','D79128GC10S','PENDING'),('sza15196@gmail.com','D80174GC11S','COMPLETED'),('tselvi133@gmail.com','D78846GC20S','COMPLETED'),('tselvi133@gmail.com','D78850GC20S','COMPLETED'),('tselvi133@gmail.com','D79128GC10S','COMPLETED'),('tselvi133@gmail.com','D80174GC11S','COMPLETED'),('varmandivya2595@gmail.com','D80174GC11S','COMPLETED'),('varmandivya2595@gmail.com','D80186GC11S','COMPLETED'),('venkatesh_sreeram@hotmail.com','D78846GC20S','COMPLETED'),('venkatesh_sreeram@hotmail.com','D78850GC20S','COMPLETED'),('venkatesh_sreeram@hotmail.com','D79128GC10S','COMPLETED'),('venkatesh_sreeram@hotmail.com','D80174GC11S','COMPLETED'),('venki7296@gmail.com','D83527GC10S','ONGOING'),('venki7296@gmail.com','D84838GC10S','PENDING'),('venki7296@gmail.com','D84842GC10S','PENDING'),('vignes541@gmail.com','D80174GC11S','COMPLETED'),('vignes541@gmail.com','D80186GC11S','PENDING'),('vignesh2695@gmail.com','D78846GC20S','COMPLETED'),('vignesh2695@gmail.com','D78850GC20S','COMPLETED'),('vignesh2695@gmail.com','D79128GC10S','COMPLETED'),('vigneshsurya16496@gmail.com','D78846GC20S','COMPLETED'),('vigneshsurya16496@gmail.com','D78850GC20S','COMPLETED'),('vigneshsurya16496@gmail.com','D79128GC10S','COMPLETED'),('vigneshsurya16496@gmail.com','D80174GC11S','COMPLETED'),('vigneshtamil55@gmail.com','D80174GC11S','COMPLETED'),('vigneshtamil55@gmail.com','D80186GC11S','COMPLETED'),('vigneshtamil55@gmail.com','D83527GC10S','COMPLETED'),('vigneshtamil55@gmail.com','D84838GC10S','COMPLETED'),('vigneshtamil55@gmail.com','D84842GC10S','COMPLETED'),('vijayece63@gmail.com','D80174GC11S','COMPLETED'),('vijayece63@gmail.com','D80186GC11S','PENDING'),('vikramsekmet@gmail.com','D80174GC11S','COMPLETED'),('vimalantony04@gmail.com','D80174GC11S','COMPLETED'),('vimalantony04@gmail.com','D80186GC11S','COMPLETED'),('vimalantony04@gmail.com','D83527GC10S','COMPLETED'),('vimalantony04@gmail.com','D84838GC10S','COMPLETED'),('vimalantony04@gmail.com','D84842GC10S','COMPLETED'),('vinothkumarit1993@gmail.com','D80174GC11S','COMPLETED'),('vinothkumarit1993@gmail.com','D80186GC11S','COMPLETED'),('vinothkumarit1993@gmail.com','D83527GC10S','PENDING'),('vinothkumarit1993@gmail.com','D84838GC10S','PENDING'),('vinothkumarit1993@gmail.com','D84842GC10S','PENDING'),('vinuashok95@gmail.com','D83527GC10S','COMPLETED'),('vinuashok95@gmail.com','D84838GC10S','COMPLETED'),('vinuashok95@gmail.com','D84842GC10S','COMPLETED'),('vishnubala531@gmail.com','D80174GC11S','COMPLETED'),('vishnubala531@gmail.com','D80186GC11S','COMPLETED'),('vishnubala531@gmail.com','D83527GC10S','COMPLETED'),('vishnubala531@gmail.com','D84838GC10S','COMPLETED'),('vishnubala531@gmail.com','D84842GC10S','PENDING'),('vishnuleonramkumar@gmail.com','D80186GC11S','COMPLETED'),('vmalar85@gmail.com','D80186GC11S','COMPLETED'),('yeshwanthsingh34@gmail.com','D80174GC11S','COMPLETED'),('yeshwanthsingh34@gmail.com','D80186GC11S','PENDING'),('yeshwanthsingh34@gmail.com','D83527GC10S','PENDING'),('yeshwanthsingh34@gmail.com','D84838GC10S','PENDING'),('yeshwanthsingh34@gmail.com','D84842GC10S','PENDING');
/*!40000 ALTER TABLE `student_status` ENABLE KEYS */;
UNLOCK TABLES;

--
-- Table structure for table `subtopic`
--

DROP TABLE IF EXISTS `subtopic`;
/*!40101 SET @saved_cs_client     = @@character_set_client */;
 SET character_set_client = utf8mb4 ;
CREATE TABLE `subtopic` (
  `sub_topic_id` int(11) NOT NULL AUTO_INCREMENT,
  `topic` varchar(300) NOT NULL,
  `topic_id` int(11) NOT NULL,
  PRIMARY KEY (`sub_topic_id`),
  KEY `topic_id` (`topic_id`),
  CONSTRAINT `subtopic_ibfk_1` FOREIGN KEY (`topic_id`) REFERENCES `topic` (`topic_id`)
) ENGINE=InnoDB AUTO_INCREMENT=2071 DEFAULT CHARSET=latin1;
/*!40101 SET character_set_client = @saved_cs_client */;

--
-- Dumping data for table `subtopic`
--

LOCK TABLES `subtopic` WRITE;
/*!40000 ALTER TABLE `subtopic` DISABLE KEYS */;
INSERT INTO `subtopic` VALUES (1,'Introduction',1),(2,'Introduction to Computer Programs',2),(3,'Key Features of the Java Language',2),(4,'The Java Technology and Development Environment',2),(5,'Running/testing a Java program',2),(6,'Java Classes',3),(7,'The main Method',3),(8,'Introducing variables',4),(9,'Working with Strings',4),(10,'Working with numbers',4),(11,'Manipulating numeric data',4),(12,'Working with Conditions',5),(13,'Working with a List of Items',5),(14,'Processing a list of items',5),(15,'Working with objects and classes',6),(16,'Defining fields and methods',6),(17,'Declaring, Instantiating, and Initializing Objects',6),(18,'Working with Object References',6),(19,'Doing more with Arrays',6),(21,'Using the String Class',7),(22,'Using the Java API Docs',7),(23,'Using the StringBuilder Class',7),(24,'More about primitive data types',7),(25,'The remaining numeric operators',7),(26,'Promoting and casting variables',7),(27,'Using methods',8),(28,'Method arguments and return values',8),(29,'Static methods and variables',8),(30,'How Arguments are Passed to a Method',8),(31,'Overloading a method',8),(32,'Access Control',9),(33,'Encapsulation',9),(34,'Overloading constructors',9),(35,'Relational and conditional operators',10),(36,'More ways to use if/else constructs',10),(37,'Using Switch Statements',10),(38,'Working with Dates',10),(39,'Parsing the args Array',10),(40,'Two-dimensional Arrays',10),(41,'Alternate Looping Constructs',10),(42,'Nesting Loops',10),(43,'The ArrayList class',10),(44,'Defining how the Java language achieves platform independence',16),(45,'Differentiating between the Java ME, Java SE, and Java EE Platforms',16),(46,'Evaluating Java libraries, middle-ware, and database options',16),(47,'Defining how the Java language continues to evolve',16),(48,'Creating simple Java classes',17),(49,'Creating primitive variables',17),(50,'Using operators',17),(51,'Creating and manipulate strings',17),(52,'Using if-else and switch statements',17),(53,'Iterating with loops: while,do-while,for,enhanced for',17),(54,'Creating arrays',17),(55,'Using Java fields, constructors, and methods',17),(56,'Using encapsulation in Java class design',18),(57,'Modeling business problems using Java classes',18),(58,'Making classes immutable',18),(59,'Creating and use Java subclasses',18),(60,'Overloading methods',18),(61,'Using access levels: private, protected, default, and public.',19),(62,'Overriding methods',19),(63,'Using virtual method invocation',19),(64,'Using varargs to specify variable arguments',19),(65,'Using the instanceof operator to compare object types',19),(66,'Using upward and downward casts',19),(67,'Modeling business problems by using the static keyword',19),(68,'Implementing the singleton design pattern',19),(69,'Designing general-purpose base classes by using abstract classes',20),(70,'Constructing abstract Java classes and subclasses',20),(71,'Applying final keyword in Java',20),(72,'Distinguish between top-level and nested classes',20),(73,'Defining a Java interface',21),(74,'Choosing between interface inheritance and class inheritance',21),(75,'Extending an interface',21),(76,'Defaulting methods',21),(77,'Anonymous inner classes',21),(78,'Defining a Lambda Expression',21),(79,'Creating a custom generic class',22),(80,'Using the type inference diamond to create an object',22),(81,'Creating a collection by using generics',22),(82,'Implementing an ArrayList',22),(83,'Implementing a TreeSet',22),(84,'Implementing a HashMap',22),(85,'Implementing a Deque',22),(86,'Ordering collections',22),(87,'Describing the Builder pattern',23),(88,'Iterating through a collection using lambda syntax',23),(89,'Describing the Stream interface',23),(90,'Filtering a collection using lambda expressions',23),(91,'Calling an existing method using a method reference',23),(92,'Chaining multiple methods together',23),(93,'Defining pipelines in terms of lambdas and collections',23),(94,'Listing the built-in interfaces included in java.util.function',24),(95,'Core interfaces - Predicate, Consumer, Function, Supplier',24),(96,'Using primitive versions of base interfaces',24),(97,'Using binary versions of base interfaces',24),(98,'Extracting data from an object using map',25),(99,'Describing the types of stream operations',25),(100,'Describing the Optional class',25),(101,'Describing lazy processing',25),(102,'Sorting a stream',25),(103,'Saving results to a collection using the collect method',25),(104,'Grouping and partition data using the Collectors class',25),(105,'Defining the purpose of Java exceptions',26),(106,'Using the try and throw statements',26),(107,'Using the catch, multi-catch, and finally clauses',26),(108,'Autoclose resources with a try-with-resources statement',26),(109,'Recognizing common exception classes and categories',26),(110,'Creating custom exceptions',26),(111,'Testing invariants by using assertions',26),(112,'Creating and manage date-based events',27),(113,'Creating and manage time-based events',27),(114,'Combining date and time into a single object',27),(115,'Working with dates and times across time zones',27),(116,'Managing changes resulting from daylight savings',27),(117,'Defining and create timestamps, periods and durations',27),(118,'Applying formatting to local and zoned dates and times',27),(119,'Describing the basics of input and output in Java',28),(120,'Read and write data from the console',28),(121,'Using streams to read and write files',28),(122,'Writing and read objects using serialization',28),(123,'Using the Path interface to operate on file and directory paths',29),(124,'Using the Files class to check, delete, copy, or move a file or directory',29),(125,'Using Stream API with NIO2',29),(126,'Describing operating system task scheduling',30),(127,'Creating worker threads using Runnable and Callable',30),(128,'Using an ExecutorService to concurrently execute tasks',30),(129,'Identifying potential threading problems',30),(130,'Using synchronized and concurrent atomic to manage atomicity',30),(131,'Using monitor locks to control the order of thread execution',30),(132,'Using the java.util.concurrent collections',30),(133,'Parallelism',31),(134,'The need for Fork-Join',31),(135,'Work stealing',31),(136,'RecursiveTask',31),(137,'RecursiveTask',31),(138,'Reviewing the key characteristics of streams',32),(139,'Describing how to make a stream pipeline execute in parallel',32),(140,'List the key assumptions needed to use a parallel pipeline',32),(141,'Defining reduction',32),(142,'Describing why reduction requires an associative function',32),(143,'Calculating a value using reduce',32),(144,'Describing the process for decomposing and then merging work',32),(145,'Listing the key performance considerations for parallel streams',32),(146,'Defining the layout of the JDBC API',33),(147,'Connecting to a database by using a JDBC driver',33),(148,'Submitting queries and get results from the database',33),(149,'Specifying JDBC driver information externally',33),(150,'Performing CRUD operations using the JDBC API',33),(151,'Describing the advantages of localizing an application',34),(152,'Read and set the locale by using the Locale object',34),(153,'Building a resource bundle for each locale',34),(154,'Calling a resource bundle from an application',34),(155,'Changing the locale for a resource bundle',34),(156,'Course Objectives, Course Agenda and Appendixes Used in this Course',38),(157,'Overview of Oracle Database 12c and Related Products',38),(158,'Overview of relational database management concepts and terminologies',38),(159,'Introduction to SQL and its development environments',38),(160,'What is Oracle SQL Developer?',38),(161,'Starting SQL*Plus from Oracle SQL Developer',38),(162,'The Human Resource (HR) Schema',38),(163,'Tables used in the Course',38),(164,'Capabilities of the SELECT statement',39),(165,'Arithmetic expressions and NULL values in the SELECT statement',39),(166,'Column aliases',39),(167,'Use of concatenation operator, literal character strings, alternative quote operator, and the DISTINCT keyword',39),(168,'Use of the DESCRIBE command',39),(169,'Limiting the Rows',40),(170,'Rules of precedence for operators in an expression',40),(171,'Substitution Variables',40),(172,'Using the DEFINE and VERIFY command',40),(173,'Describe the differences between single row and multiple row functions',41),(174,'Manipulate strings with character function in the SELECT and WHERE clauses',41),(175,'Manipulate numbers with the ROUND, TRUNC and MOD functions',41),(176,'Perform arithmetic with date data',41),(177,'Manipulate dates with the date functions',41),(178,'Describe implicit and explicit data type conversion',42),(179,'Use the TO_CHAR, TO_NUMBER, and TO_DATE conversion functions',42),(180,'Nest multiple functions',42),(181,'Apply the NVL, NULLIF, and COALESCE functions to data',42),(182,'Use conditional IF THEN ELSE logic in a SELECT statement',42),(183,'Group Functions',43),(184,'Creating Groups of Data',43),(185,'Restricting Group Results',43),(186,'Introduction to JOINS',44),(187,'Types of Joins',44),(188,'Natural join',44),(189,'Self-join',44),(190,'Non equijoins',44),(191,'OUTER join',44),(192,'Introduction to Subqueries',45),(193,'Single Row Subqueries',45),(194,'Multiple Row Subqueries',45),(195,'Set Operators',46),(196,'UNION and UNION ALL operator',46),(197,'INTERSECT operator',46),(198,'MINUS operator',46),(199,'Matching the SELECT statements',46),(200,'Using ORDER BY clause in set operations',46),(201,'Data Manipulation Language',47),(202,'Database Transactions',47),(203,'Data Definition Language',48),(204,'Introduction to Data Dictionary',49),(205,'Describe the Data Dictionary Structure',49),(206,'Using the Data Dictionary views',49),(207,'Querying the Data Dictionary Views',49),(208,'Overview of sequences',50),(209,'Overview of synonyms',50),(210,'Overview of indexes',50),(211,'Creating Views',51),(213,'Managing constraints',52),(214,'Creating and using temporary tables',52),(215,'Creating and using external tables',52),(216,'Retrieving Data by Using a Subquery as Source',53),(217,'Working with Multiple-Column subqueries',53),(218,'Using Scalar subqueries in SQL',53),(219,'Correlated Subqueries',53),(220,'Working with the WITH clause',53),(221,'Using Subqueries to Manipulate Data',54),(222,'Inserting by Using a Subquery as a Target',54),(223,'Using the WITH CHECK OPTION Keyword on DML Statements',54),(224,'Using Correlated Subqueries to Update and Delete rows',54),(225,'System privileges',55),(226,'Creating a role',55),(227,'Object privileges',55),(228,'Revoking object privileges',55),(229,'Overview of the Explicit Default Feature',56),(230,'Using multitable INSERTs',56),(231,'Using the MERGE statement',56),(232,'Performing flashback operations',56),(233,'Tracking Changes in Data',56),(234,'Working with CURRENT_DATE, CURRENT_TIMESTAMP,and LOCALTIMESTAMP',57),(235,'Working with INTERVAL data types',57),(236,'Course Objectives',58),(237,'Course Agenda',58),(238,'Describe the Human Resources (HR) Schema',58),(239,'PL/SQL development environments available in this course',58),(240,'Overview of PL/SQL',59),(241,'Identify the benefits of PL/SQL Subprograms',59),(242,'Overview of the types of PL/SQL blocks',59),(243,'Create a Simple Anonymous Block',59),(244,'How to generate output from a PL/SQL Block?',59),(245,'List the different Types of Identifiers in a PL/SQL subprogram',60),(246,'Usage of the Declarative Section to Define Identifiers',60),(247,'Use variables to store data',60),(248,'Identify Scalar Data Types',60),(249,'The %TYPE Attribute',60),(250,'What are Bind Variables?',60),(251,'Sequences in PL/SQL Expressions',60),(252,'Describe Basic PL/SQL Block Syntax Guidelines',61),(253,'Learn to Comment the Code',61),(254,'Deployment of SQL Functions in PL/SQL',61),(255,'How to convert Data Types?',61),(256,'Describe Nested Blocks',61),(257,'Identify the Operators in PL/SQL',61),(258,'Invoke SELECT Statements in PL/SQL',62),(259,'Retrieve Data in PL/SQL',62),(260,'SQL Cursor concept',62),(261,'Avoid Errors by using Naming Conventions when using Retrieval and DML Statements',62),(262,'Data Manipulation in the Server using PL/SQL',62),(263,'Understand the SQL Cursor concept',62),(264,'Use SQL Cursor Attributes to Obtain Feedback on DML',62),(265,'Save and Discard Transactions',62),(266,'Conditional processing using IF Statements',63),(267,'Conditional processing using CASE Statements',63),(268,'Describe simple Loop Statement',63),(269,'Describe While Loop Statement',63),(270,'Describe For Loop Statement',63),(271,'Use the Continue Statement',63),(272,'Use PL/SQL Records',64),(273,'The %ROWTYPE Attribute',64),(274,'Insert and Update with PL/SQL Records',64),(275,'INDEX BY Tables',64),(276,'Examine INDEX BY Table Methods',64),(277,'Use INDEX BY Table of Records',64),(278,'What are Explicit Cursors?',65),(279,'Declare the Cursor',65),(280,'Open the Cursor',65),(281,'Fetch data from the Cursor',65),(282,'Close the Cursor',65),(283,'Cursor FOR loop',65),(284,'The %NOTFOUND and %ROWCOUNT Attributes',65),(285,'Describe the FOR UPDATE Clause and WHERE CURRENT Clause',65),(286,'Understand Exceptions',66),(287,'Handle Exceptions with PL/SQL',66),(288,'Trap Non-Predefined Oracle Server Errors',66),(289,'Trap User-Defined Exceptions',66),(290,'Propagate Exceptions',66),(291,'RAISE_APPLICATION_ERROR Procedure',66),(292,'Create a Modularized and Layered Subprogram Design',67),(293,'Modularize Development With PL/SQL Blocks',67),(294,'Understand the PL/SQL Execution Environment',67),(295,'List the benefits of using PL/SQL Subprograms',67),(296,'List the differences between Anonymous Blocks and Subprograms',67),(297,'Create, Call, and Remove Stored Procedures',67),(298,'Implement Procedures Parameters and Parameters Modes',67),(299,'View Procedure Information',67),(300,'Create, Call, and Remove a Stored Function',68),(301,'Identify the advantages of using Stored Functions',68),(302,'Identify the steps to create a stored function',68),(303,'Invoke User-Defined Functions in SQL Statements',68),(304,'Restrictions when calling Functions',68),(305,'Control side effects when calling Functions',68),(306,'View Functions Information',68),(307,'How to debug Functions and Procedures?',69),(308,'Debugging through SQL Developer',69),(309,'Listing the advantages of Packages',70),(310,'Describe Packages',70),(311,'What are the components of a Package?',70),(312,'Develop a Package',70),(313,'How to enable visibility of a Packages Components?',70),(314,'Create the Package Specification and Body using the SQL CREATE Statement and SQL Developer',70),(315,'Invoke the Package Constructs',70),(316,'View the PL/SQL Source Code using the Data Dictionary',70),(317,'Overloading Subprograms in PL/SQL',71),(318,'Use the STANDARD Package',71),(319,'Use Forward Declarations to solve Illegal Procedure Reference',71),(320,'Implement Package Functions in SQL and Restrictions',71),(321,'Persistent State of Packages',71),(322,'Persistent State of a Package Cursor',71),(323,'Control side effects of PL/SQL Subprograms',71),(324,'Invoke PL/SQL Tables of Records in Packages',71),(325,'What are Oracle-Supplied Packages?',72),(326,'Examples of some of the Oracle-Supplied Packages',72),(327,'How does the DBMS_OUTPUT Package work?',72),(328,'Use the UTL_FILE Package to Interact with Operating System Files',72),(329,'Invoke the UTL_MAIL Package',72),(330,'Write UTL_MAIL Subprograms',72),(331,'The Execution Flow of SQL',73),(332,'What is Dynamic SQL?',73),(333,'Declare Cursor Variables',73),(334,'Dynamically Executing a PL/SQL Block',73),(335,'Configure Native Dynamic SQL to Compile PL/SQL Code',73),(336,'How to invoke DBMS_SQL Package?',73),(337,'Implement DBMS_SQL with a Parameterized DML Statement',73),(338,'Dynamic SQL Functional Completeness',73),(339,'Standardize Constants and Exceptions',74),(340,'Understand Local Subprograms',74),(341,'Write Autonomous Transactions',74),(342,'Implement the NOCOPY Compiler Hint',74),(343,'Invoke the PARALLEL_ENABLE Hint',74),(344,'The Cross-Session PL/SQL Function Result Cache',74),(345,'The DETERMINISTIC Clause with Functions',74),(346,'Usage of Bulk Binding to Improve Performance',74),(347,'Describe Triggers',75),(348,'Identify the Trigger Event Types and Body',75),(349,'Business Application Scenarios for Implementing Triggers',75),(350,'Create DML Triggers using the CREATE TRIGGER Statement and SQL Developer',75),(351,'Identify the Trigger Event Types, Body, and Firing (Timing)',75),(352,'Differences between Statement Level Triggers and Row Level Triggers',75),(353,'Create Instead of and Disabled Triggers',75),(354,'How to Manage, Test and Remove Triggers?',75),(355,'What are Compound Triggers?',76),(356,'Identify the Timing-Point Sections of a Table Compound Trigger',76),(357,'Understand the Compound Trigger Structure for Tables and Views',75),(358,'Implement a Compound Trigger to Resolve the Mutating Table Error',76),(359,'Comparison of Database Triggers to Stored Procedures',76),(360,'Create Triggers on DDL Statements',76),(361,'Create Database-Event and System-Events Triggers',76),(362,'System Privileges Required to Manage Triggers',76),(363,'What is the PL/SQL Compiler?',77),(364,'Describe the Initialization Parameters for PL/SQL Compilation',77),(365,'List the new PL/SQL Compile Time Warnings',77),(366,'Overview of PL/SQL Compile Time Warnings for Subprograms',77),(367,'List the benefits of Compiler Warnings',77),(368,'List the PL/SQL Compile Time Warning Messages Categories',77),(369,'Setting the Warning Messages Levels: Using SQL Developer, PLSQL_WARNINGS Initialization Parameter, and the DBMS_WA',77),(370,'View Compiler Warnings: Using SQL Developer, SQL*Plus, or the Data Dictionary Views',77),(371,'Overview of Schema Object Dependencies',78),(372,'Query Direct Object Dependencies using the USER_DEPENDENCIES View',78),(373,'Query an Objects Status',78),(374,'Invalidation of Dependent Objects',78),(375,'Display the Direct and Indirect Dependencies',78),(376,'Fine-Grained Dependency Management in Oracle Database 12c',78),(377,'Understand Remote Dependencies',78),(378,'Recompile a PL/SQL Program Unit',78),(379,'Introduction',79),(380,'Major architectural components of Oracle Database.',80),(381,'Memory structuresProcess Architecture',80),(382,'Database Storage Architecture',80),(383,'SQL*Plus Command-line tool',81),(384,'Oracle Enterprise Manager Database Express',81),(385,'Oracle Enterprise Manager Cloud Control',81),(386,'Initialization Parameter Files(spfile and pfile)',82),(387,'Initialization Parameter Files(spfile and pfile)',82),(388,'Changing Initialization Parameter Values.',82),(389,'Startup stages',82),(390,'Shutdown modes/types',82),(391,'Viewing the Alert Log & trace files',82),(392,'Dynamic Performance Views',82),(393,'Data Dictionary Views',82),(394,'Database user accounts',83),(395,'Grant and revoke privileges',83),(396,'Create and manage roles',83),(397,'Create and manage profiles',83),(398,'Logical and Physical Structure',84),(399,'Tablespaces',84),(400,'Locally Managed Tablespace(LMT) & Dictionary Managed Tablespace (DMT)',84),(401,'Segment Space management',84),(402,'Oracle Managed Files',84),(403,'Block Space Management',85),(404,'Row Chaining and Migration',85),(405,'Types of Segments',85),(406,'Deferred Segment Creation',85),(407,'Table Compression',85),(408,'Proactive Tablespace Monitoring',85),(409,'Shrinking Segments',85),(410,'Managing Resumable Space Allocation',85),(411,'Explain DML and undo data generation',86),(412,'Configuring Undo Retention',86),(413,'Guarantee undo Retention',86),(414,'Enabling Temporary undo',86),(415,'Locks',87),(416,'Resolving Lock Conflicts',87),(417,'Deadlocks',87),(418,'Enable unified auditing',88),(419,'Create unified audit policies',88),(420,'Maintain the audit trail',88),(421,'Value-Based Auditing',88),(422,'Fine-Grained Auditing',88),(423,'Oracle Net Services: Overview',89),(424,'Naming Methods',89),(425,'Tools for Configuring and Managing Oracle Net Services',89),(426,'Comparing Dedicated Server and Shared Server Configurations',89),(427,'Types of failure',90),(428,'Instance recovery',90),(429,'Complete and Incomplete recovery',90),(430,'Configure the fast recovery area',91),(431,'Multiplex the control file',91),(432,'Multiplex redo log files',91),(433,'Configure ARCHIVELOG mode',91),(434,'Create consistent database backups',92),(435,'Understanding Backup Terminology',92),(436,'Create incremental backups',92),(437,'Loss of a Control File',93),(438,'Loss of a Redo Log File',93),(439,'Loss of a Data File in NOARCHIVELOG Mode',93),(440,'Loss of a System-Critical and non-critical Data File in ARCHIVELOG Mode',93),(441,'Export (Expdp)',94),(442,'Import(Impdp)',94),(443,'Oracle Data Pump',94),(444,'Data Pump Utility: Interfaces and Modes',94),(445,'Data Pump Import: Transformations',94),(446,'SQL*Loader',94),(447,'External Tables',94),(448,'Automatic Workload Repository (AWR)',95),(449,'Automatic Database Diagnostic Monitor (ADDM)',95),(450,'Advisory framework',95),(451,'Monitor performance',96),(452,'Automatic Memory Management (AMM)',96),(453,'Automatic Shared Memory Management (ASMM)',96),(454,'Oracle Optimizer: Overview',97),(455,'SQL Advisors',97),(456,'Database Resource Manager',98),(457,'Resource Plans and methods',98),(458,'Oracle Scheduler',99),(459,'Creating a job, program, and schedule',99),(460,'Windows, window groups, job classes, and consumer groups',99),(461,'Assessing Your Recovery Requirements',100),(462,'Categories of Failure',100),(463,'Basic-Oracle Data Guard: Overview',100),(464,'Database architecture relates to backup and recovery',101),(465,'Oracle DBA Tools related to Backup',101),(466,'Types of RMAN Commands',102),(467,'Configuring Persistent Settings for RMAN',102),(468,'Specifying a Retention Policy for backup Files',102),(469,'Configuring the Fast Recovery Area',102),(470,'Multiplexing Control Files',102),(471,'Multiplexing Redo Log Files',102),(472,'Creating Archived Redo Log Files',102),(473,'RMAN recovery catalog',103),(474,'Creating and Using Virtual Private Catalogs',103),(475,'Backup Solutions: Overview',104),(476,'Backup Terminology',104),(477,'Perform full and incremental backups',105),(478,'Configure Block Change tracking',105),(479,'Incrementally Updated Backups',105),(480,'Compress backups',106),(481,'Creating multi-section backups of very large files',106),(482,'Creating Duplexed Backup Sets by Using BACKUP COPIES',106),(483,'Archival Backups: Concepts',106),(484,'RMAN-encrypted backups',107),(485,'Encryption Modes',107),(486,'Automatic Diagnostic Repository',108),(487,'Data Recovery Advisor',108),(488,'Block Corruption & Block Media Recovery',108),(489,'Restoring and Recovering',109),(490,'Understanding Instance Recovery',109),(491,'Media Failure',109),(492,'Complete Recovery Process',109),(493,'Point-in-Time Recovery Process',109),(494,'Recovery with RESETLOGS Option',109),(495,'Performing Complete Recovery for Loss of a non-critical data file in ARCHIVELOG mode',110),(496,'Performing Complete Recovery for Loss of a Critical data file in ARCHIVELOG mode',110),(497,'Performing a Fast Switch to Image Copies',110),(498,'Performing Point-in-Time Recovery',110),(499,'Recovery from Loss of Server Parameter File',111),(500,'Loss of a Control File and recovery procedures',111),(501,'Loss of a Redo Log File and recovery procedures',111),(502,'Oracle Secure Backup overview and components',112),(503,'Expiration Policies for Automated Tape Recycling',112),(504,'Flashback Technology to Query Data',113),(505,'Flashback Table',113),(506,'Flashback Data Archives',113),(507,'Flashback Database architecture',114),(508,'Configuring Flashback Database',114),(509,'Transport Tablespaces and steps to perform',115),(510,'Transport databases and steps to perform',115),(511,'Table Point-in-Time Recovery (TPITR)',116),(512,'Tablespace Point-in-Time Recovery (TSPITR)',116),(513,'Database Point-in-Time Recovery (DBPITR)',116),(514,'Database Duplication and Techniques',117),(515,'Interpret the RMAN message output',118),(516,'Tuning RMAN Backup Performance',118),(517,'What is a Cluster?',119),(518,'What is a Flex Cluster',119),(519,'Clusterware Characteristics',119),(520,'Oracle Clusterware',119),(521,'Hardware and Software Concepts (High level)',119),(522,'Overview of Oracle RAC',120),(523,'RAC One Node',120),(524,'Cluster-Aware Storage Solutions',120),(525,'Benefits of Using RAC',120),(526,'Scaleup and Speedup',120),(527,'I/O Throughput Balanced',120),(528,'Global Resources',120),(529,'RAC and Flex ASM',120),(530,'Installing the Oracle Database Software',121),(531,'Installation options',121),(532,'Creating the Cluster Database',121),(533,'Post-installation Tasks',121),(534,'Single Instance to RAC Conversion',121),(535,'Cleaning Up Unsuccessful Installs',121),(536,'Parameters and RAC - SPFILE, Identical and Unique Parameters',122),(537,'Instance Startup, Shutdown and Quiesce',122),(538,'Undo Tablespaces',122),(539,'Redo Threads',122),(540,'Use Enterprise Manager Cluster Database Pages',122),(541,'RAC Alerts',122),(542,'RAC Metrics',122),(543,'Overview of Upgrades and Patching',123),(544,'Release and Patch Set Upgrades',123),(545,'PSU, CPU and Interim Patches',123),(546,'Merge Patches',123),(547,'Performing Out Of Place Database Upgrades',123),(548,'Planning and Preparing for Upgrade',123),(549,'Performing Out of Place Release Install or Upgrade',123),(550,'Post Upgrade Tasks',123),(551,'Instance Failure And Recovery In RAC - LMON and SMON',124),(552,'Redo Threads and Archive Log Configurations and Admin',124),(553,'Parameter Settings Affecting Parallel Recovery and MTTR',124),(554,'Instance Failure And Recovery In RAC - LMON and SMON',124),(555,'RAC and the Fast Recovery Area',124),(556,'RMAN Configuration',124),(557,'RMAN Admin For RAC: Channels, Instances, Backup Distribution',124),(558,'RMAN Restore And Recovery RAC Considerations',124),(559,'Globally Managed Resources and Management',125),(560,'Library Cache Management',125),(561,'Row cache management',125),(562,'Buffer cache fusion',125),(563,'Buffer Cache Management Requirements',125),(564,'Accessing single blocks in RAC',125),(565,'Multi-block read considerations in RAC',125),(566,'Undo and read consistency considerations in RAC',125),(567,'OCPU and Wait Time Latencies',126),(568,'Wait Events for RAC',126),(569,'Common RAC Tuning',126),(570,'Session and System Statistics',126),(571,'RAC specific V$ Views',126),(572,'Automatic Database Diagnostic Monitor for RAC',126),(573,'Oracle Services',127),(574,'Services for Policy - and Administrator-Managed Databases',127),(575,'Services for Policy - and Administrator-Managed Databases',127),(576,'Creating Services',127),(577,'Managing Services',127),(578,'Managing Services',127),(579,'Use Services with Client Applications',127),(580,'Services and Connection Load Balancing',127),(581,'Services and Transparent Application Failover',127),(582,'Services and the Resource Manager',127),(583,'Types of Workload Distribution',128),(584,'Client-Side Load Balancing',128),(585,'Server-Side Load Balancing',128),(586,'Runtime Connection Load Balancing and Connection Pools',128),(587,'Fast Application Notification',128),(588,'The Load Balancing Advisory FAN Event',128),(589,'Server-Side Callouts',128),(590,'Configuring the Server-Side ONS',128),(591,'What is AC?',129),(592,'What problem does it solve?',129),(593,'Benefits of AC',129),(594,'How AC works',129),(595,'AC Architecture',129),(596,'Side Effects',129),(597,'Restrictions',129),(598,'Application requirements',129),(599,'RAC One Node Concepts',130),(600,'Online database migration',130),(601,'Adding Oracle RAC One Node Database to an Existing Cluster',130),(602,'Convert an Oracle RAC One Node database to a RAC database',130),(603,'Convert an Oracle RAC database to a RAC One Node database',130),(604,'Use DBCA to convert a single instance database to a RAC One Node database',130),(605,'Non-CDB Architecture',131),(606,'Multitenant Architecture: Benefits',131),(607,'CDB in a Non-RAC Environment',131),(608,'Containers',131),(609,'Terminology and Data Dictionary Views',131),(610,'Connection to a Non-RAC CDB',131),(611,'Oracle RAC and Multitenant Configuration',131),(612,'Oracle RAC and Multitenant Architecture',131),(613,'Introduction',132),(614,'Multitenenat Container Database Architecture',133),(615,'Configurations',133),(616,'Container Database',133),(617,'Pluggable Database',133),(618,'Common and Local Users',133),(619,'Shared and Non-shared Objects',133),(620,'Steps to Create a Multitenant Container Database',134),(621,'Steps to Create a Multitenant Pluggable Database',134),(622,'Automatic Diagnostic Repository',134),(623,'Dropping a PDB',134),(624,'Starting Up a CDB Instance',135),(625,'Shutting Down a CDB Instance',135),(626,'Changing PDB Mode',135),(627,'Modifying a PDB Settings',135),(628,'Tablespaces in PDBs',136),(629,'Creating Permanent Tablespaces in a CDB',136),(630,'Assigning Default Tablespaces',136),(631,'Users, Roles, and Privileges',137),(632,'Common and Local Schemas',137),(633,'Granting Common and Local Privileges',137),(634,'Creating Common and Local ',137),(635,'Profiles management',137),(636,'New Syntax and Clauses in RMAN',138),(637,'Instance Failure',138),(638,'Media Failure',138),(639,' Flashback CDB',138),(640,'Checking for Block Corruption',138),(641,'Tuning a Multitenant Container Database',139),(642,'AWR SQL Reports',139),(643,'ADDM Tasks',139),(644,'CDB Resource Plan Basics',139),(645,'Using Oracle Data Pump with PDBs',140),(646,'Exporting and Importing Between PDBs',140),(647,'Full Transportable Export/Import',140),(648,'Auditing Actions in a CDB and PDBs',140),(649,'Securing Data with Transparent Data Encryption',140),(650,'Describing MySQL',144),(651,'Listing MySQL Products and Professional Services',144),(652,'Describing MySQL Enterprise Subscription',144),(653,'Currently Supported Operating Systems',144),(654,'Describing MySQL Certification Program',144),(655,'Listing Available MySQL Courses',144),(656,'Describing Installation of MySQL',144),(657,'Describing Installation of world Database',144),(658,'Client/Server Architecture',145),(659,'MySQL Architecture Overview',145),(660,'How MySQL Uses Disk Space',145),(661,'How MySQL Uses Memory',145),(662,'The MySQL Plug-In Interface',145),(663,'Types of MySQL Distributions',146),(664,'Starting and Stopping MySQL on Windows',146),(665,'Starting and Stopping MySQL on Linux',146),(666,'Upgrading MySQL',146),(667,'Managing Multiple Servers',146),(668,'MySQL Configuration',147),(669,'Dynamic Server Variables',147),(670,'Server SQL Modes',147),(671,'Log and Status Files',147),(672,'Binary Logging',147),(673,'Overview of Administrative Clients',148),(674,'Invoking MySQL Client Programs',148),(675,'Using the mysql Client',148),(676,'The mysqladmin Client',148),(677,'MySQL Connectors',148),(678,'Third-Party APIs',148),(679,'Data Types',149),(680,'Numeric Data Types',149),(681,'Character String Data Types',149),(682,'Binary String Data Types',149),(683,'Temporal Data Types',149),(684,'NULLs',149),(685,'Column Attributes',149),(686,'Metadata Access Methods',150),(687,'The INFORMATION_SCHEMA Database/Schema',150),(688,'Using SHOW and DESCRIBE',150),(689,'The mysqlshow Command',150),(690,'Storage Engine Overview',151),(691,'MyISAM, InnoDB, and MEMORY Storage Engines',151),(692,'Other Storage Engines',151),(693,'Choosing Appropriate Storage Engines',151),(694,'Using Multiple Storage Engines',151),(695,'Storage Engine Comparison Chart',151),(696,'Overview of Partitioning and reasons for using Partitioning',152),(697,'Creating a Partitioned Table',152),(698,'Obtaining Partition Information',152),(699,'Modifying and Removing Partitions',152),(700,'Partition Modification Performance Effects',152),(701,'Partition Pruning',152),(702,'Storage Engine Partition Information',152),(703,'Partitioning and Locking and Limitations',152),(704,'Transactions',153),(705,'Transaction Control statements',153),(706,'Isolation Levels',153),(707,'Locking',153),(708,'Security Risks',154),(709,'Security Measures',154),(710,'Privileges',154),(711,'Access Levels, including: 1 - User Accounts, 2  Databases, 3  Tables, 4  Columns, 5 - Stored Routines',154),(712,'User Account Maintenance',154),(713,'Client Access Control',154),(714,'Using Secure Connections',154),(715,'Table Maintenance',155),(716,'SQL Statements for maintenance operations',155),(717,'Client and Utility Programs for table maintenance',155),(718,'Table Maintenance per Storage Engine',155),(719,'Exporting and Importing Data',156),(720,'Exporting and Importing Data Using SQL',156),(721,'Import Data with the SQL scripts',156),(722,'Defining, Executing and Examining Stored Routines',157),(723,'Stored Routines and Execution Security',157),(724,'Defining, Creating, and Deleting Triggers',157),(725,'Trigger Restrictions and Privileges',157),(726,'Defining Events',157),(727,'Schedule Events',157),(728,'DBA\'s Use of MySQL Programming',157),(729,'Backup Stored Routines',157),(730,'What is a view?',158),(731,'Creating Views',158),(732,'Updatable Views',158),(733,'Managing Views',158),(734,'Planning for Recovery Backup',159),(735,'Backup Tools Overview',159),(736,'Making Raw Backups',159),(737,'Making Logical (Text) Backups',159),(738,'Backup Log and Status Files',159),(739,'Replication as an Aid to Backup',159),(740,'Backup Method Comparison',159),(741,'Data Recovery',159),(742,'Using EXPLAIN to Analyze Queries',160),(743,'General Table Optimizations',160),(744,'Setting and Interpreting MySQL Server Variables',160),(745,'MySQL Replication',161),(746,'Introduction',162),(747,'Creating HTML5 Applications in NetBeans',163),(748,'Running HTML pages and analizing them by using the browser\'s development tools',163),(749,'Separating CSS and JavaScript content from HTML pages',163),(750,'Running HTML5 Applications in NetBeans',163),(751,'Practice: Creating HTML5 Web Applications with NetBeans 8',163),(752,'Practice: Separating JavaScript and CSS Resources',163),(753,'Writing JavaScript code to declare variables, objects, functions and arrays',164),(754,'Writing JavaScript Arrays to store data',164),(755,'Defining JavaScript Objects as a key-value store',164),(756,'Accessing the properties of an object',164),(757,'Practice: Writing JavaScript code to pass tests in Jasmine',164),(758,'Creating HTML5 Documents',165),(759,'Creating HTML5 Forms to request information and process it',165),(760,'Validating HTML5 form input',165),(761,'Writing JavaScript functions for HTML5 events',165),(762,'Manipulating HTML5 elements through DOM',165),(763,'Practice: Writing JavaScript code to modify document elements',165),(764,'Validating user input with JavaScript and Regular Expressions',166),(765,'Handling multiple values with JavaScript Collections',166),(766,'Manipulating Dates with the JavaScript Date API',166),(767,'Practice: Creating a meal-divider application',166),(768,'Practice: Calculating the total based on the age',166),(769,'Converting Objects to JSON Strings',167),(770,'Parsing JSON Strings into JavaScript Objects',167),(771,'Storing Objects by using the JSON API, Cookies, and Local Storage',167),(772,'Practice: Saving user input using JSON and Local Storage',167),(773,'Practice: Restoring saved data when page loads',167),(774,'Applying CSS styles to HTML documents',168),(775,'Using CSS3 features to add dynamic styles to elements with events',168),(776,'Using Media Queries and media data to adapt to different screens',168),(777,'Using JavaScript to add and remove styles from elements',168),(778,'Practice: Writing CSS rules to style elements in the document',168),(779,'Defining Functions',169),(780,'Creating Closures and explaining Variable Scope',169),(781,'Writing JavaScript functions as modules',169),(782,'Creating Prototypes',169),(783,'Creating Drag-and-Drop interactions with JavaScript',169),(784,'Creating JavaScript Timers and Delays to create animations in HTML',169),(785,'Using the HTML5 Canvas Object to draw in pages',169),(786,'Practices: Creating a Canvas, intervals, Drag and Drop, and implementing Mouse Gestures',169),(787,'Using AJAX with JavaScript to request data from an Application Server',170),(788,'Using AJAX to consume RESTful Web Services',170),(789,'Using AJAX calls to create \"Server Push\" interactions',170),(790,'Identifying alternatives to AJAX used in legacy code',170),(791,'Understanding AJAX Security',170),(792,'Using WebSocket to create Real-time Client/Server interactions',170),(793,'Identifying the required Back-End technologies for REST and WebSocket with Java EE7',170),(794,'Practices: Creating a Single-Page Application using RESTand a Tic-Tac-Toe Game Client with WebSocket',170),(795,'Adding jQuery and jQuery UI libraries to your projects',171),(796,'Using Selectors and DOM manipulators to handle documents',171),(797,'Handling Events with jQuery',171),(798,'Animating elements and Applying effects in the document',171),(799,'Handling AJAX server responses',171),(800,'Describe web applications, CGI, and the role of Java',172),(801,'Describe benefits of Java servlet technology',172),(802,'Create a simple Java Servlet',172),(803,'Define three-tier architecture',172),(804,'Define Model-View-Controller (MVC) architecture',172),(805,'Describe why Servlets are not the whole solution',173),(806,'Describe essentials of JSPs',173),(807,'Understand the fundamentals and reasons for MVC architecture',173),(808,'Code a controller using a servlet',174),(809,'Code a view using a JSP',174),(810,'Forward control from a servlet to a JSP',174),(811,'Understand fundamentals of EL',174),(812,'Understand more details of the HTTP protocol',175),(813,'Understand fundamentals of HTML forms',175),(814,'Understand fundamentals of the HttpServlet and related APIs',175),(815,'Write code that manages client sessions and cookies',175),(816,'Understand the purpose and structure of deployment descriptors',176),(817,'Control context root and servlet mapping',176),(818,'Create and use context and init parameters',176),(819,'Use annotations to configure servlets',176),(820,'Understand the four data scopes',177),(821,'Understand and use EL dot ., and array access [ operators with Java Beans, arrays, and collections',177),(822,'Understand and use EL implicit objects',177),(823,'Create and use arithmetic expressions in EL',177),(824,'Identify the need for iteration and selection in the view, and use JSTL tags to address those needs',177),(825,'Understand the origins, benefits, and weaknesses of JSPs',178),(826,'Describe JSP technology, the conversion of JSPs to servlets, and the lifecycle of JSPs',178),(827,'Understand JSP scripting elements, declarations and directives',178),(828,'Use JSP implicit variables',178),(829,'Understand and use jsp: tags',178),(830,'Relate the JSTL to common job roles in web application development and understand the use of tags in JSP development',179),(831,'Recognize correct syntax for tags',179),(832,'Configure a JSP to use tags from the JSTL',179),(833,'Write JSP code using several standard tags',179),(834,'List capabilities of JSTL tags',179),(835,'Understand the servlet lifecycle',181),(836,'Describe and use more advanced elements of the servlet APIs',181),(837,'Create filters and use them in web applications',181),(838,'Understand the roles of JDBC and JPA',182),(839,'Understand the many elements that make up the model',182),(840,'Understand fundamentals of connecting to a database using JDBC or JPA',182),(841,'Understand the interactions that are essential to asynchronous web pages',183),(842,'Understand the role of AJAX-style client side programming',183),(843,'Implement asynchronous servlets using the facilities of Java EE 6',183),(844,'Understand the role of the container in security',184),(845,'Describe and implement four authentication models',184),(846,'Force the use of encryption between a web application and the client browser',184),(847,'Understand the role of JAAS in pluggable/extensible authentication for web applications',184),(848,'What is Ionic?',185),(849,'Cross platform mobile application',185),(850,'Why angular?',185),(851,'Building hybrid application using Ionic',185),(852,'Ionic CLI and Cordova',186),(853,'What is Cordova?',186),(854,'Installing IONIC CLI and Cordova',186),(855,'Cordova platform considerations',186),(856,'Creating first IONIC APP',186),(857,'Components',187),(858,'Action Sheets',187),(859,'Alerts, Badges, Buttons, Cards, Checkbox, DateTime and Gestures',187),(860,'Ionic Grids',187),(861,'Lists',187),(862,'Form controls',187),(863,'Tabs',187),(864,'Popovers',187),(865,'Toolbar',187),(866,'Adding native functionality to ionic mobile app',188),(867,'Installing native plug-ins to the app',188),(868,'Exploring some native functionalities with native plugins',188),(869,'Storage using sqlite',189),(870,'Theming your mobile application',189),(871,'CSS utilities',189),(872,'SASS variables',189),(873,'Platform styles',189),(874,'Overriding ionic style variables',189),(875,'Using ionicons',189),(876,'Mobile application using Ionic and angular',189),(877,'End to end mobile application development with IONIC and Angular 4',190),(878,'What is Node JS',191),(879,'Asynchronous programming techniques',191),(880,'The Node.js framework',191),(881,'Installing Node.js',191),(882,'Using Node.js to execute scripts',191),(883,'The Node Package Manager',192),(884,'Creating a project',192),(885,'The package.json configuration file',192),(886,'Global vs. local package installation',192),(887,'Filesystem module',193),(888,'Reading File, Directories',193),(889,'Working with streams',193),(890,'Synchronous vs. asynchronous I/O',193),(891,'Path and directory operations',193),(892,'__dirname and __filename',193),(893,'Asynchronous file reads and writes',193),(894,'Using buffers for binary data',193),(895,'Flowing vs. non-flowing streams',193),(896,'Streaming I/O from files and other sources',193),(897,'Processing streams asynchronously',193),(898,'Configuring event handlers',193),(899,'Modularization',194),(900,'The CommonJS and RequireJS specifications',194),(901,'Defining modules with exports',194),(902,'Creating a package',194),(903,'Module scope and construction',194),(904,'The HTTP protocol',195),(905,'Building an HTTP server',195),(906,'Rendering a response',195),(907,'Processing query strings',195),(908,'Using Representational State Transfer',195),(909,'The model-view-controller pattern',195),(910,'Defining Jade and Handlebars templates',195),(911,'Building a front-end controller',195),(912,'Defining routes',195),(913,'Creating actions',195),(914,'Configuring Express to use Handlebars',195),(915,'Using REST',195),(916,'Reading POST data',195),(917,'Building Handlebars helpers',195),(918,'Adding middleware',195),(919,'How Node.js connects to databases',196),(920,'RDBMS databases and NoSQL databases',196),(921,'Connecting to RDBMS and NoSQL databases',196),(922,'Performing CRUD operations',196),(923,'Building client requests to web services',196),(924,'What is HTML?',197),(925,'Webpage basics and how web works',197),(926,'HTML page creation',197),(927,'HTML headings',197),(928,'Paragraphs',197),(929,'Handling text in HTML and associated tags',197),(930,'Lists',197),(931,'Anchor tag',197),(932,'Handling images',197),(933,'HTML forms and elements',197),(934,'Iframe',197),(935,'Div tag',197),(936,'What is a stylesheet?',198),(937,'Inline, Internal and external style sheets',198),(938,'CSS selectors',198),(939,'Styling paragraphs',198),(940,'Styling text and fonts',198),(941,'Managing background color and images using CSS',198),(942,'Designing webpage layout using CSS',198),(943,'CSS box layout using border, padding and margin',198),(944,'Styling anchor tag',198),(945,'Styling images',198),(946,'Why Javascript?',199),(947,'Including javacript in web page',199),(948,'<script>Tag',199),(949,'Javascript console',199),(950,'Logging console message',199),(951,'Declaring variables in javascript',199),(952,'Var keyword',199),(953,'String, Number and Boolean in javascript',199),(954,'Undefined and null in javascript',199),(955,'alert, prompt and confirm',199),(956,'Javascript Operators',199),(957,'Conditional Statements',199),(958,'Iterative structures',199),(959,'Javascript arrays',199),(960,'Javascript Objects',199),(961,'JavaScript functions',200),(962,'Function parameters',200),(963,'Call back functions',200),(964,'Understanding closures',200),(965,'ES5 vs ES6',200),(966,'New ES6 Features',200),(967,'let, const and var keyword',200),(968,'arrow functions',200),(969,'Object oriented programming JavaScript',200),(970,'ES5 way of object oriented programming',200),(971,'class keyword in Javascript',200),(972,'Working with String, Math and Date Objects',201),(973,'JavaScript regular expressions',201),(974,'Selecting DOM Elements',201),(975,'Modifying Page Content with the DOM',201),(976,'Manipulating CSS using JavaScript',201),(977,'Accessing forms using JavaScript',201),(978,'JavaScript Event Handling',201),(979,'Overview of the Browser Object Model',202),(980,'Using thewindowObject',202),(981,'Using thedocumentObject',202),(982,'navigatorObject',202),(983,'locationObject',202),(984,'screenObject',202),(985,'setInterval() and setTimeout()t function',202),(986,'New HTML5 Elements',203),(987,'Semantic HTML5 elements',203),(988,'HTML5 Form handling',203),(989,'HTML5 Multimedia(audio and video)',203),(990,'HTML5 Drag/Drop',203),(991,'HTML5 Canvas and SVG',203),(992,'Borders',204),(993,'Transformations',204),(994,'Transitions',204),(995,'Multiple Columns',204),(996,'Animations',204),(997,'Flexbox',204),(998,'Media Queries',204),(999,'Bootstrap basics',205),(1000,'Typography',205),(1001,'Jumbotrons, Labels,Alerts,Images,Pagination and Panels',205),(1002,'Glyphicons, Lists, Links and Tables',205),(1003,'Navigation bar and Dropdowns',205),(1004,'Popups',205),(1005,'Bootstrap Grid System',205),(1006,'Geolocation',206),(1007,'Localstorage and Sessionstorage',206),(1008,'IndexedDB and WebSQL',206),(1009,'Web Workers',206),(1010,'JSON',207),(1011,'Understanding a JSON Object',207),(1012,'AJAX',207),(1013,'Making asynchronous server calls with AJAX',207),(1014,'XMLHTTPRequest',207),(1015,'Reading and parsing XML using ajax',207),(1016,'Reading and parsing JSON  using ajax',207),(1017,'Introduction to TypeScript',208),(1018,'Typescript datatypes',208),(1019,'Arrow functions and functions in typescript',208),(1020,'Defining class and interface',208),(1021,'Defining a module',208),(1022,'Importing a module',208),(1023,'Generics',208),(1024,'What is Angular 4?',209),(1025,'Why Angular 4?',209),(1026,'What is  Transpiling and its importance',209),(1027,'Bundling tools and what they do',209),(1028,'Installing and using Angular 4',209),(1029,'About Angular CLI',209),(1030,'Creating Application using Angular CLI',209),(1031,'Application Structure and Configuration files',209),(1032,'What is a component?',210),(1033,'Component decorator',210),(1034,'Component architecture',210),(1035,'Component state & behaviour',210),(1036,'Component template',210),(1037,'Styling a component',210),(1038,'Interpolation and the expression context	',210),(1039,'Inline vs External',211),(1040,'Template Expressions',211),(1041,'Data Bindings',211),(1042,'Built-in Structural Directives',211),(1043,'Built-in Attribute Directive',211),(1044,'Component Communication and Hierarchy',212),(1045,'Component hierarchy',212),(1046,'Child Components',212),(1047,'Calling one component in another',212),(1048,'Input and Output',212),(1049,'Parent Child component communication',212),(1050,'Component life cycle hooks',212),(1051,'Introduction to Services',213),(1052,'Building a Service',213),(1053,'Introduction to Dependency Injection',213),(1054,'Injectors & Providers',213),(1055,'Registering Providers',213),(1056,'Injecting a service to a component',213),(1057,'Application wide dependency injection',213),(1058,'The HTTP providers',214),(1059,'Injecting the providers',214),(1060,'Making a GET call',214),(1061,'Handling error',214),(1062,'More about Observables',214),(1063,'Making a POST request',214),(1064,'Working with headers',214),(1065,'Built-in Pipes',215),(1066,'Custom Pipes',215),(1067,'Building attribute directives',216),(1068,'Building structural directives',216),(1069,'Why use routing?',217),(1070,'Defining a route table',217),(1071,'Route configuration',217),(1072,'Router outlets',217),(1073,'Navigation using hyperlink',217),(1074,'Navigation using code',217),(1075,'Supplying parameters to a route URL',217),(1076,'Template driven vs. model driven form handling',218),(1077,'Inbuilt form validation',218),(1078,'Custom form validation',218),(1079,'Pre-compiled and runtime',219),(1080,'Using ng2-Translate',219),(1081,'Security threats',220),(1082,'Best practices',220),(1083,'Prevent cross site scripting',220),(1084,'Sanitization',220),(1085,'Auditing your application',220),(1086,'What is client side unit testing',221),(1087,'The Jasmine framework',221),(1088,'Installation & configuration',221),(1089,'A simple jasmine test case',221),(1090,'Testing components, services',221),(1091,'Running test cases',221),(1092,'What Is Oracle Data Guard?',222),(1093,'Types of Standby Databases',222),(1094,'Types of Data Guard Services',222),(1095,'Role Transitions: Switchover and Failover',222),(1096,'Oracle Data Guard Broker Framework',222),(1097,'Choosing an Interface for Administering a Data Guard Configuration',222),(1098,'Oracle Data Guard: Architecture(Overview)',222),(1099,'Primary Database Processes',222),(1100,'Networking Overview',224),(1101,'Listener.ora Configuration',224),(1102,'Statics vs. Dynamic Registration',224),(1103,'Static Entries for Database Duplication and SQL Maintenence',224),(1104,'Static Entries for Broker Operations',224),(1105,'Oracle Network Configuration Tuning',224),(1106,'Tnsnames.ora Configuration',224),(1107,'Steps to Create a Physical Standby Database',225),(1108,'Preparing the Primary Database',225),(1109,'FORCE LOGGING Mode',225),(1110,'Configuring Standby Redo Logs',225),(1111,'Creating Standby Redo Logs',225),(1112,'Using SQL to Create Standby Redo Logs',225),(1113,'Viewing Standby Redo Log Information',225),(1114,'Setting Initialization Parameters on the Primary Database to Control Redo Transport',225),(1115,'Oracle Data Guard Broker: Features',226),(1116,'Data Guard Broker: Components',226),(1117,'Data Guard Broker: Configurations',226),(1118,'Data Guard Broker: Management Model',226),(1119,'Data Guard Broker: Architecture',226),(1120,'Data Guard Monitor: DMON Process',226),(1121,'Benefits of Using the Data Guard Broker',226),(1122,'Comparing Configuration Management With and Without the Data Guard Broker',226),(1123,'Data Guard Broker: Requirements',227),(1124,'Data Guard Broker and the SPFILE',227),(1125,'Data Guard Monitor: Configuration File',227),(1126,'Data Guard Broker: Log Files',227),(1127,'Creating a Broker Configuration',227),(1128,'Defining the Broker Configuration and the Primary Database Profile',227),(1129,'Adding a Standby Database to the Configuration',227),(1130,'Enabling the Configuration',227),(1131,'Using Oracle Enterprise Manager to Create a Broker Configuration',228),(1132,'Creating a Configuration',228),(1133,'Creating a New Configuration',228),(1134,'Adding a Standby Database to an Existing Configuration',228),(1135,'Using the Add Standby Database Wizard',228),(1136,'Standby Database Creation: Processing',228),(1137,'Standby Database Creation: Progress',228),(1138,'Verifying a Data Guard Configuration',228),(1139,'Benefits of Implementing a Logical Standby Database',229),(1140,'Logical Standby Database: SQL Apply Architecture',229),(1141,'SQL Apply Process: Architecture',229),(1142,'Preparing to Create a Logical Standby Database',229),(1143,'Unsupported Objects',229),(1144,'Unsupported Data Types',229),(1145,'Checking for Unsupported Tables',229),(1146,'Checking for Tables with Unsupported Data Types',229),(1147,'Snapshot Standby Databases: Overview',230),(1148,'Snapshot Standby Database: Architecture',230),(1149,'Converting a Physical Standby Database to a Snapshot Standby Database',230),(1150,'Activating a Snapshot Standby Database: Issues and Cautions',230),(1151,'Snapshot Standby Database: Target Restrictions',230),(1152,'Viewing Snapshot Standby Database Information',230),(1153,'Using DGMGRL to View Snapshot Standby Database Information',230),(1154,'Converting a Snapshot Standby Database to a Physical Standby Database',230),(1155,'Oracle Active Data Guard',231),(1156,'Using Real-Time Query',231),(1157,'Checking the Standbys Open Mode',231),(1158,'Understanding Lag in an Active Data Guard Configuration',231),(1159,'Monitoring Apply Lag: V$DATAGUARD_STATS',231),(1160,'Monitoring Apply Lag: V$STANDBY_EVENT_HISTOGRAM',231),(1161,'Setting a Predetermined Service Level for Currency of Standby Queries',231),(1162,'Configuring Zero Lag Between the Primary and Standby Databases',231),(1163,'Data Protection Modes and Redo Transport Modes',232),(1164,'Maximum Protection Mode',232),(1165,'Maximum Availability Mode',232),(1166,'Maximum Performance Mode',232),(1167,'Comparing Data Protection Modes',232),(1168,'Setting the Data Protection Mode by Using DGMGRL',232),(1169,'Setting the Data Protection Mode',232),(1170,'Role Management Services',233),(1171,'Role Transitions: Switchover and Failover',233),(1172,'Switchover',233),(1173,'Preparing for a Switchover',233),(1174,'Performing a Switchover by Using DGMGRL',233),(1175,'Performing a Switchover by Using Enterprise Manager',233),(1176,'Considerations When Performing a Switchover to a Logical Standby Database',233),(1177,'Situations That Prevent a Switchover',233),(1178,'Using Flashback Database in a Data Guard Configuration',234),(1179,'Overview of Flashback Database',234),(1180,'Configuring Flashback Database',234),(1181,'Configuring Flashback Database by Using Enterprise Manager',234),(1182,'Using Flashback Database Instead of Apply Delay',234),(1183,'Using Flashback Database and Real-Time Apply',234),(1184,'Using Flashback Database After RESETLOGS',234),(1185,'Flashback Through Standby Database Role Transitions',234),(1186,'Fast-Start Failover: Overview',235),(1187,'When Does Fast-Start Failover Occur?',235),(1188,'Installing the Observer Software',235),(1189,'Fast-Start Failover Prerequisites',235),(1190,'Configuring Fast-Start Failover',235),(1191,'Setting the Lag-Time Limit',235),(1192,'Configuring the Primary Database to Shut Down Automatically',235),(1193,'Automatic Reinstatement After Fast-Start Failover',235),(1194,'Understanding Client Connectivity in a Data Guard Configuration',236),(1195,'Understanding Client Connectivity: Using Local Naming',236),(1196,'Preventing Clients from Connecting to the Wrong Database',236),(1197,'Managing Services',236),(1198,'Understanding Client Connectivity: Using a Database Service',236),(1199,'Creating Services for the Data Guard Configuration Databases',236),(1200,'Configuring Role-Based Services',236),(1201,'Adding Standby Databases to Oracle Restart Configuration',236),(1202,'Using RMAN to Back Up and Restore Files in a Data Guard Configuration',237),(1203,'Offloading Backups to a Physical Standby',237),(1204,'Restrictions and Usage Notes',237),(1205,'Backup and Recovery of a Logical Standby Database',237),(1206,'Using the RMAN Recovery Catalog in a Data Guard Configuration',237),(1207,'Creating the Recovery Catalog',237),(1208,'Registering a Database in the Recovery Catalog',237),(1209,'Setting Persistent Configuration Settings',237),(1210,'Upgrading an Oracle Data Guard Broker Configuration',238),(1211,'Upgrading Oracle Database in a Data Guard Configuration with a Physical Standby Database',238),(1212,'Upgrading Oracle Database in a Data Guard Configuration with a Logical Standby Database',238),(1213,'Using DBMS_ROLLING to Upgrade the Oracle Database',238),(1214,'Requirements for Using DBMS_ROLLING to Perform a Rolling Upgrade',238),(1215,'Leading Group Databases and Leading Group Master',238),(1216,'Trailing Group Databases and Trailing Group Master',238),(1217,'Performing a Rolling Upgrade by Using DBMS_ROLLING',238),(1218,'Monitoring the Data Guard Configuration by Using Enterprise Manager Cloud Control',239),(1219,'Viewing the Data Guard Configuration Status',239),(1220,'Monitoring Data Guard Performance',239),(1221,'Viewing Log File Details',239),(1222,'Enterprise Manager Metrics and Alerts',239),(1223,'Data Guard Metrics',239),(1224,'Managing Data Guard Metrics',239),(1225,'Viewing Metric Value History',239),(1226,'Monitoring Configuration Performance by Using Enterprise Manager Cloud Control',240),(1227,'Optimizing Redo Transport Services',240),(1228,'Setting the ReopenSecs Database Property',240),(1229,'Setting the NetTimeout Database Property',240),(1230,'Optimizing Redo Transmission by Setting MaxConnections',240),(1231,'Setting the MaxConnections Database Property',240),(1232,'Compressing Redo Data by Setting the RedoCompression Property',240),(1233,'Delaying the Application of Redo',240),(1234,'Introducing Exadata Cloud Service',241),(1235,'Service Configuration, Connection, Architecture & Availability',241),(1236,'Data Security & Management Responsibilities',241),(1237,'Storage Configuration & Management Details',241),(1238,'Simple Web-Based Provisioning & Management',241),(1239,'REST APIs',241),(1240,'Backup and Recovery',241),(1241,'Migrating to Exadata Cloud Service',241),(1242,'Virtualization',242),(1243,'Elements of course environment',242),(1244,'Course structure',242),(1245,'Development of Linux Kernel',243),(1246,'Linux kernel development model',243),(1247,'Linux distributions',243),(1248,'Oracle\'s commitment to the success of Linux',243),(1249,'Oracle\'s technical contributions to the Linux community',243),(1250,'Oracle\'s Unbreakable Enterprise Kernel (UEK)',243),(1251,'Obtaining Oracle Linux 7',244),(1252,'Oracle Software Delivery Cloud',244),(1253,'Anaconda installer',244),(1254,'Installation steps',244),(1255,'Firstboot tool',244),(1256,'Oracle Linux 7 boot process',245),(1257,'GRUB 2 bootloader',245),(1258,'kernel boot parameters',245),(1259,'systemd system and service manager',245),(1260,'systemd service units',245),(1261,'The systemctl utility',245),(1262,'systemd target units',245),(1263,'Configuring system date time',246),(1264,'Using Network Time Protocol (NTP)',246),(1265,'Configuring NTP by using Chrony',246),(1266,'System configuration files',246),(1267,'The proc filesystem',246),(1268,'The sysfs filesystem',246),(1269,'The sysctl utility',246),(1270,'Introduction to Oracle Linux package management',247),(1271,'The rpm utility',247),(1272,'Oracle Public Yum server',247),(1273,'Yum configuration',247),(1274,'The yum utility',247),(1275,'Oracle Unbreakable Linux Network (ULN)',247),(1276,'ULN channels',247),(1277,'Switching from RHN to ULN',247),(1278,'Introduction to Ksplice',248),(1279,'How Ksplice works',248),(1280,'Ksplice implementation',248),(1281,'Ksplice packages on ULN',248),(1282,'Using Ksplice Uptrack',248),(1283,'Ksplice Uptrack command summary',248),(1284,'Ksplice Offline Client',248),(1285,'Automating system tasks',249),(1286,'Configuring cron jobs',249),(1287,'Other cron directories and files',249),(1288,'The crontab utility',249),(1289,'Configuring anacron jobs',249),(1290,'The at and batch utilities',249),(1291,'Loadable Kernel Modules (LKM)',250),(1292,'Using the lsmod utility',250),(1293,'Using the modinfo utility',250),(1294,'Loading and unloading kernel modules',250),(1295,'Using the modprobe utility',250),(1296,'The insmod, depmod, and rmmod utilities',250),(1297,'ASM Cluster File System (ACFS) and ASM Dynamic Volume Manager (ADVM) drivers',250),(1298,'Kernel module parameters',250),(1299,'User and group configuration files',251),(1300,'Adding a user account',251),(1301,'Modifying and deleting user accounts',251),(1302,'Group account administration',251),(1303,'User Private Groups (UPG)',251),(1304,'Password configuration',251),(1305,'User Manager Tools',251),(1306,'su and sudo commands',251),(1307,'Disk Partitions',252),(1308,'Partition Table Manipulation Utilities',252),(1309,'File System Types',252),(1310,'Making Ext File Systems',252),(1311,'Mounting File Systems',252),(1312,'The /etc/fstab File',252),(1313,'Swap Space',252),(1314,'XFS: Introduction',253),(1315,'Creating an XFS File System',253),(1316,'The xfs_growfs utility',253),(1317,'The xfs_admin utility',253),(1318,'Enabling disk quotas',253),(1319,'The xfs_quota utility',253),(1320,'Backing up and restoring XFS File Systems',253),(1321,'XFS File Systems Maintenance',253),(1322,'Btrfs: Introduction',254),(1323,'Creating a Btrfs File System',254),(1324,'The btrfs utility',254),(1325,'Btrfs Subvolumes and Snapshots',254),(1326,'Mounting a Subvolume or Snapshot',254),(1327,'Btrfs File Systems Maintenance',254),(1328,'Converting Ext File Systems to Btrfs',254),(1329,'Logical Volume Manager',255),(1330,'Physical Volume Utilities',255),(1331,'Volume Group Utilities',255),(1332,'Logical Volume Utilities',255),(1333,'Backing up and restoring volume group metadata',255),(1334,'LVM Thin Provisioning',255),(1335,'The snapper utility',255),(1336,'Configuring RAID devices',255),(1337,'Network interface file naming',256),(1338,'Network configuration files',256),(1339,'Starting the Network Service',256),(1340,'The ethtool utility',256),(1341,'NetworkManager',256),(1342,'The nmcli utility',256),(1343,'The ip utility',256),(1344,'NFS server configuration',257),(1345,'The /etc/exports file',257),(1346,'Starting the NFS services',257),(1347,'The exportfs utility',257),(1348,'NFS client configuration',257),(1349,'Automounting filesystems',257),(1350,'vsftpd configuration options',257),(1351,'OpenSSH configuration',258),(1352,'Using OpenSSH utilities',258),(1353,'The ssh, scp, and sftp utilities',258),(1354,'Using the ssh-keygen utility',258),(1355,'Connecting to a remote system without supplying a password',258),(1356,'Using ssh-agent',258),(1357,'Using ssh-add',258),(1358,'The chroot utility',259),(1359,'Implementing a chroot jail',259),(1360,'Packet-filtering firewalls',259),(1361,'The firewalld service',259),(1362,'The firewall-config utility',259),(1363,'The firewall-cmd utility',259),(1364,'The iptables service',259),(1365,'TCP wrappers',259),(1366,'Oracle software user and group accounts',260),(1367,'System resource tuning and network tuning',260),(1368,'Linux shared memory kernel parameters',260),(1369,'Semaphores kernel parameter',260),(1370,'File handles and Asynchronous IO (AIO) kernel parameter',260),(1371,'Oracle-related shell limits',260),(1372,'Configuring HugePages',260),(1373,'Oracle ASM',260),(1374,'The sosreport utility',261),(1375,'The iostat, mpstat, vmstat, sar, top, iotop, strace, netstat, and tcpdump utilities',261),(1376,'Wireshark GUI and tshark CLI',261),(1377,'OSWatcher Black Box (OSWbb)',261),(1378,'System Logging: Introduction',261),(1379,'rsyslog configuration',261),(1380,'Facility/Priority-based filters',261),(1381,'rsyslog Actions and Templates',261),(1382,'Two-phased approach to troubleshooting',262),(1383,'Operating system logs',262),(1384,'The dmesg utility',262),(1385,'Troubleshooting resources',262),(1386,'Problem causes',262),(1387,'Boot problems',262),(1388,'NFS problems',262),(1389,'Overview of the different Oracle Cloud Solutions',263),(1390,'Begin with Oracle Compute Cloud Subscriptions',263),(1391,'Oracle Compute Cloud Service Terminology',263),(1392,'Oracle-Provided Linux Images on the Cloud',263),(1393,'Workflow to Create Your First Oracle Linux Instance on the Cloud',263),(1394,'Create an SSH-Enabled User on an Oracle Linux Instance',263),(1395,'This lesson introduces the Performance Tuning course objectives and agenda',264),(1396,'Monitoring tools overview',265),(1397,'Enterprise Manager',265),(1398,'V$ Views, Statistics and Metrics',265),(1399,'Wait Events',265),(1400,'Managing the Automatic Workload RepositoryCreate AWR Snapshots',266),(1401,'Real Time SQL Monitoring (a 11.1 feature new lesson in NF L-15)',266),(1402,'Defining the Problem',267),(1403,'Limit the Scope & Setting the Priority',267),(1404,'Top SQL Reports',267),(1405,'Common Tuning Problems & Tuning During the Life Cycle',267),(1406,'ADDM Tuning Session',267),(1407,'Performance Versus Business Requirements',267),(1408,'Performance Tuning Resources & Filing a Performance Service Request',267),(1409,'Monitoring and Tuning Tools: Overview',267),(1410,'Metrics, Alerts, and Baselines',268),(1411,'Limitation of Base Statistics & Typical Delta Tools',268),(1412,'Oracle Database 11g Solution: Metrics',268),(1413,'Benefits of Metrics',268),(1414,'Viewing Metric History Information & Vsing EM to View Metric Details',268),(1415,'Statistic Histograms & Histogram Views',268),(1416,'Database Control Usage Model & Setting Thresholds',268),(1417,'Server-Generated Alerts, Creating and Testing an Alert & Metric and Alert Views',268),(1418,'Comparative Performance Analysis with AWR Baselines',269),(1419,'Automatic Workload Repository Baselines',269),(1420,'Moving Window Baseline',269),(1421,'Baselines in Performance Page Settings & Baseline Templates',269),(1422,'AWR Baselines & Creating AWR Baselines',269),(1423,'Managing Baselines with PL/SQL & Baseline Views',269),(1424,'Performance Monitoring and Baselines & Defining Alert Thresholds Using a Static Baseline',269),(1425,'Using EM to Quickly Configure & Changing Adaptive Threshold Settings',269),(1426,'Automatic Maintenance Tasks',270),(1427,'ADDM Performance Monitoring',270),(1428,'Active Session History: Overview',270),(1429,'What Is a Service? Service Attributes & Service Types',271),(1430,'Creating Services & Managing Services in a Single-Instance Environment',271),(1431,'Everything Switches to Services.',271),(1432,'Using Services with Client Applications & Using Services with the Resource Manager',271),(1433,'Services and Resource Manager with EM & Using Services with the Scheduler',271),(1434,'Using Services with Parallel Operations & Metric Thresholds',271),(1435,'Service Aggregation and Tracing & Service Aggregation Configuration.',271),(1436,'Client Identifier Aggregation and Tracing & Service Performance Views',271),(1437,'SQL Statement Processing Phases & Role of the Oracle Optimizer',272),(1438,'Identifying Bad SQL, Real Time SQL Monitoring (a 11.1 feature new lesson in NF L-15) & TOP SQL Reports',272),(1439,'What Is an Execution Plan? Methods for Viewing Execution Plans & Uses of Execution Plans',272),(1440,'DBMS_XPLAN Package: Overview & EXPLAIN PLAN Command',272),(1441,'Reading an Execution Plan, Using the V$SQL_PLAN View & Querying the AWR',272),(1442,'SQL*Plus AUTOTRACE & SQL Trace Facility',272),(1443,'How to Use the SQL Trace Facility',272),(1444,'Generate an Optimizer Trace',272),(1445,'Functions of the Query Optimizer, Selectivity, Cardinality and Cost & Changing Optimizer Behavior',273),(1446,'Using Hints, Optimizer Statistics & Extended Statistics',273),(1447,'Controlling the Behavior of the Optimizer with Parameters',273),(1448,'Enabling Query Optimizer Features & Influencing the Optimizer Approach',273),(1449,'Optimizing SQL Statements, Access Paths & Choosing an Access Path',273),(1450,'Join & Sort Operations',273),(1451,'How the Query Optimizer Chooses Execution Plans for Joins',273),(1452,'Reducing the Cost',273),(1453,'Real Application Testing: Overview & Use Cases',274),(1454,'SQL Performance Analyzer: Process & Capturing the SQL Workload',274),(1455,'Creating a SQL Performance Analyzer Task & SPA (NF Lesson 9) DBMS_SQLTUNE.CREATE_TUNING_TASK',274),(1456,'Optimizer Upgrade Simulation & SQL Performance Analyzer Task Page',274),(1457,'Comparison Report & Comparison Report SQL Detail',274),(1458,'Tuning Regressing Statements & Preventing Regressions',274),(1459,'Parameter Change Analysis & Guided Workflow Analysis',274),(1460,'SQL Performance Analyzer: PL/SQL Example & Data Dictionary Views',274),(1461,'Maintaining SQL Performance and Optimizer Statistics & Automated Maintenance Tasks',275),(1462,'Statistic Gathering Options & Setting Statistic Preferences',275),(1463,'Restore Statistics',275),(1464,'Deferred Statistics Publishing: Overview & Example',275),(1465,'Automatic SQL Tuning: Overview',275),(1466,'SQL Tuning Advisor: Overview',275),(1467,'Using the SQL Access Advisor',275),(1468,'SQL Plan Management: Overview',275),(1469,'The Big Picture & System Architecture',276),(1470,'Capture & Replay Considerations',276),(1471,'Replay Options & Analysis',276),(1472,'Database Replay Workflow in Enterprise Manager',276),(1473,'Packages and Procedures',276),(1474,'Data Dictionary Views: Database Replay',276),(1475,'Database Replay: PL/SQL Example',276),(1476,'Calibrating Replay Clients',276),(1477,'Shared Pool Architecture & Operation',277),(1478,'The Library Cache & Latch and Mutex',277),(1479,'Diagnostic Tools for Tuning the Shared Pool',277),(1480,'Avoiding Hard & Soft Parses',277),(1481,'Sizing the Shared Pool & Avoiding Fragmentation',277),(1482,'Data Dictionary Cache & SQL Query Result Cache',277),(1483,'UGA and Oracle Shared Server',277),(1484,'Large Pool & Tuning the Large Pool',277),(1485,'Oracle Database Architecture: Buffer Cache',278),(1486,'Database Buffers',278),(1487,'Buffer Hash Table for Lookups',278),(1488,'Working Sets',278),(1489,'Buffer Cache Tuning Goals and Techniques',278),(1490,'Buffer Cache Performance Symptoms & Solutions',278),(1491,'Automatically Tuned Multiblock Reads',278),(1492,'Flushing the Buffer Cache (for Testing Only)',278),(1493,'SQL Memory Usage & Performance Impact',279),(1494,'SQL Memory Manager',279),(1495,'Configuring Automatic PGA Memory & Setting PGA_AGGREGATE_TARGET Initially',279),(1496,'Monitoring & Tuning SQL Memory Usage',279),(1497,'PGA Target Advice Statistics & Histograms',279),(1498,'Automatic PGA and Enterprise Manager & Automatic PGA and AWR Reports',279),(1499,'Temporary Tablespace Management: Overview & Monitoring Temporary Tablespace',279),(1500,'Temporary Tablespace Shrink & Tablespace Option for Creating Temporary Table',279),(1501,'Oracle Database Architecture, Dynamic SGA & Memory Advisories',280),(1502,'Granule & Manually Adding Granules to Components',280),(1503,'Increasing the Size of an SGA Component, SGA Sizing Parameters & Manually Resizing Dynamic SGA Parameters',280),(1504,'Automatic Shared Memory Management & Memory Broker Architecture',280),(1505,'Behavior of Auto-Tuned & Manually TunedSGA Parameters',280),(1506,'Using the V$PARAMETER View & Resizing SGA_TARGET',280),(1507,'Disabling, Configuring & Monitoring Automatic Shared Memory Management (ASMM)',280),(1508,'Automatic Memory Management',280),(1509,'Space and Extent Management & Locally Managed Extents',281),(1510,'How Table Data Is Stored & Anatomy of a Database Block',281),(1511,'Minimize Block Visits',281),(1512,'The DB_BLOCK_SIZE Parameter',281),(1513,'Small & Large Block Size: Considerations',281),(1514,'Block Allocation, Free Lists & Block Space Management with Free Lists',281),(1515,'Automatic Segment Space Management',281),(1516,'Migration and Chaining, Shrinking Segments & Table Compression: Overview',281),(1517,'I/O Architecture, File System Characteristics, I/O Modes & Direct I/O',282),(1518,'Bandwidth Versus Size & Important I/O Metrics for Oracle Databases',282),(1519,'I/O Calibration and Enterprise Manager, I/O Calibration and the PL/SQL Interface & I/O Statistics and Enterprise Manager',282),(1520,'Stripe and Mirror Everything',282),(1521,'Using RAID',282),(1522,'I/O Diagnostics',282),(1523,'Database I/O Tuning',282),(1524,'What Is Automatic Storage Management?',282),(1525,'Best practices identified throughout the course',283),(1526,'Summarize the performance tuning methodology',283),(1527,'Course Objectives',284),(1528,'Course Organization',284),(1529,'Course Agenda',284),(1530,'Topics Not Included in the Course',284),(1531,'Who Tunes?',284),(1532,'What Does the DBA Tune?',284),(1533,'How to Tune',284),(1534,'Tuning Methodology',284),(1535,'Performance Tuning Diagnostics',285),(1536,'Performance Tuning Tools',285),(1537,'Tuning Objectives',285),(1538,'Top Timed Events',285),(1539,'DB Time',285),(1540,'CPU and Wait Time Tuning Dimensions',285),(1541,'Time Model',285),(1542,'Dynamic Performance Views',285),(1543,'Automatic Workload Repository Overview',286),(1544,'Automatic Workload Repository Data',286),(1545,'Enterprise Manager Cloud Control and AWR',286),(1546,'Snapshots',286),(1547,'Reports',286),(1548,'Compare Periods',286),(1549,'Defining the Problem',287),(1550,'Limiting the Scope',287),(1551,'Setting the Priority',287),(1552,'Top SQL Reports',287),(1553,'Common Tuning Problems',287),(1554,'Tuning During the Life Cycle',287),(1555,'ADDM Tuning Session',287),(1556,'Performance Versus Business Requirements',287),(1557,'Metrics and Alerts Overview',288),(1558,'Limitation of Base Statistics',288),(1559,'Benefits of Metrics',288),(1560,'Viewing Metric History Information',288),(1561,'Viewing Histograms',288),(1562,'Server-Generated Alerts',288),(1563,'Setting Thresholds',288),(1564,'Metrics and Alerts Views',288),(1565,'Comparative Performance Analysis with AWR Baselines',289),(1566,'Automatic Workload Repository Baselines',289),(1567,'Moving Window Baseline',289),(1568,'Baselines in Performance Page Settings',289),(1569,'Baseline Templates',289),(1570,'AWR Baseslines',289),(1571,'Creating AWR Baselines',289),(1572,'Managing Baselines with PL/SQL',289),(1573,'Automatic Maintenance Tasks',290),(1574,'ADDM Performance Monitoring',290),(1575,'Using Compare Periods ADDM',290),(1576,'Active Session History',290),(1577,'New or Enhanced Automatic Workload Repository Views',290),(1578,'Emergency Monitoring',290),(1579,'Real-time ADDM',290),(1580,'Use Cases',291),(1581,'Defining a Database Operation',291),(1582,'Scope of a Composite Database Operation',291),(1583,'Database Operation Concepts',291),(1584,'Identifying a Database Operation',291),(1585,'Enabling Monitoring of Database Operations',291),(1586,'Identifying, Starting, and Completing a Database Operation',291),(1587,'What is a Service?',292),(1588,'Service Attributes',292),(1589,'Service Types',292),(1590,'Creating Services',292),(1591,'Managing Services in a Single-Instance Environment',292),(1592,'Where are Services Used?',292),(1593,'Using Services with Client Applications',292),(1594,'Services and Pluggable Databases',292),(1595,'SQL Statement Processing Phases',293),(1596,'Role of the Oracle Optimizer',293),(1597,'Identifying Bad SQL',293),(1598,'Top SQL Reports',293),(1599,'SQL Monitoring',293),(1600,'What is an Execution Plan?',293),(1601,'Methods for Viewing Execution Plans',293),(1602,'Uses of Execution Plans',293),(1603,'Functions of the Query Optimizer',294),(1604,'Selectivity',294),(1605,'Cardinality and Cost',294),(1606,'Changing Optimizer Behavior',294),(1607,'Optimizer Statistics',294),(1608,'Extended Statistics',294),(1609,'Controlling the Behavior of the Optimizer with Parameters',294),(1610,'Enabling Query Optimizer Features ',294),(1611,'Reducing the Cost',295),(1612,'Index Maintenance',295),(1613,'SQL Access Advisor',295),(1614,'Table Maintenance for Performance',295),(1615,'Table Reorganization Methods',295),(1616,'Space Management',295),(1617,'Extent Management',295),(1618,'Data Storage',295),(1619,'Real Application Testing: Overview',296),(1620,'Real Application Testing: Use Cases',296),(1621,'SQL Performance Analyzer: Process',296),(1622,'Capturing the SQL Workload',296),(1623,'Creating a SQL Performance Analyzer Task',296),(1624,'SQL Performance Analyzer: Tasks',296),(1625,'Parameter Change',296),(1626,'SQL Performance Analyzer Task Page',296),(1627,'Maintaining SQL Performance',297),(1628,'Maintaining Optimizer Statistics',297),(1629,'Automated Maintenance Tasks',297),(1630,'Statistic Gathering Options',297),(1631,'Setting Statistic Preferences',297),(1632,'Restore Statistics',297),(1633,'Deferred Statistics Publishing',297),(1634,'Automatic SQL Tuning',297),(1635,'Using Database Replay',298),(1636,'The Big Picture',298),(1637,'System Architecture',298),(1638,'Capture Considerations',298),(1639,'Replay Considerations: Preparation',298),(1640,'Replay Considerations',298),(1641,'Replay Options',298),(1642,'Replay Analysis',298),(1643,'Shared Pool Architecture',299),(1644,'Shared Pool Operation',299),(1645,'The Library Cache',299),(1646,'Latch and Mutex',299),(1647,'Diagnostic Tools for Tuning the Shared Pool',299),(1648,'Avoiding Hard Parses',299),(1649,'Reducing the Cost of Soft Parses',299),(1650,'Sizing the Shared Pool',299),(1651,'Oracle Database Architecture: Buffer Cache',300),(1652,'Buffer Cache: Highlights',300),(1653,'Database Buffers',300),(1654,'Buffer Hash Table for Lookups',300),(1655,'Working Sets',300),(1656,'Buffer Cache Tuning Goals and Techniques',300),(1657,'Buffer Cache Performance Symptoms',300),(1658,'Buffer Cache Performance Solutions',300),(1659,'SQL Memory Usage',301),(1660,'Performance Impact',301),(1661,'Automatic PGA Memory',301),(1662,'SQL Memory Manager',301),(1663,'Configuring Automatic PGA Memory',301),(1664,'Setting PGA_AGGREGATE_TARGET Initially',301),(1665,'Limiting the size of the Program Global Area (PGA)',301),(1666,'SQL Memory Usage',301),(1667,'Performance Impact',301),(1668,'Automatic PGA Memory',301),(1669,'SQL Memory Manager',301),(1670,'Configuring Automatic PGA Memory',301),(1671,'Setting PGA_AGGREGATE_TARGET Initially',301),(1672,'Limiting the size of the Program Global Area (PGA)',301),(1673,'SQL Memory Usage',301),(1674,'Oracle Database Architecture',302),(1675,'Dynamic SGA',302),(1676,'Granule',302),(1677,'Memory Advisories',302),(1678,'Manually Adding Granules to Components',302),(1679,'Increasing the Size of an SGA Component',302),(1680,'Automatic Shared Memory Management: Overview',302),(1681,'SGA Sizing Parameters: Overview',302),(1682,'Commonly Observed Wait Events',303),(1683,'Additional Statistics',303),(1684,'Top 10 Mistakes Found in Customer Systems',303),(1685,'Symptoms',303),(1686,'Database as a Service Architecture, Features and Tooling',304),(1687,'Software Editions: Included Database Options and Management Packs',304),(1688,'Accessing the Oracle Database Cloud Service Console & Automated Database Provisioning',304),(1689,'Managing the Compute Node Associated With a Database Deployment',304),(1690,'Managing Network Access to Database as a Service & Scaling a Database Deployment',304),(1691,'Performance Management in the Database Cloud Environment',304),(1692,'Performance Monitoring and Tuning',304),(1693,'What Can be Tuned in a DBCS Environment?',304),(1694,'WebLogic Server Architecture',305),(1695,'Application Services',305),(1696,'Administration Tools',305),(1697,'Java Cloud Service',305),(1698,'Installing WebLogic Server',306),(1699,'Patching WebLogic Server',306),(1700,'Zero Downtime Patching',306),(1701,'Domain Planning',307),(1702,'Domain Modes',307),(1703,'Domain Creation Tools',307),(1704,'Domain Templates',307),(1705,'Using the Configuration Wizard',307),(1706,'Multitenancy concepts',307),(1707,'Server Lifecycle',308),(1708,'Starting and Stopping Servers',308),(1709,'Domain scripts',308),(1710,'Customizing Domain Scripts',308),(1711,'Restarting Failed Servers',308),(1712,'Using the Administration Console for Configuration',309),(1713,'Change Management Architecture',309),(1714,'Creating and Modifying Managed Servers',309),(1715,'Enterprise Manager Cloud Control',309),(1716,'JDBC Review',310),(1717,'Datasource Types',310),(1718,'Configuring a JDBC Data Source',310),(1719,'JDBC and RAC',310),(1720,'Connection Pools',310),(1721,'Working with WebLogic Server Logs',311),(1722,'Monitoring WebLogic Server',311),(1723,'JMX, MBeans and Monitoring',311),(1724,'Monitoring Dashboards',311),(1725,'Node Manager Concepts',312),(1726,'Configuring and Using Node Manager',312),(1727,'Node Manager Setup Tasks',312),(1728,'Node Manager and Scripting',312),(1729,'Node Manager Best Practices',312),(1730,'Deployment Overview and Lifecycle',313),(1731,'Deployment Descriptor Concepts',313),(1732,'WebLogic Deployment Tools',313),(1733,'Deploying an Application',313),(1734,'Load Testing an Application',313),(1735,'Configuring a Network Channel',314),(1736,'Configuring the Admin Port',314),(1737,'Creating a Virtual Host',314),(1738,'Clustering Review',315),(1739,'Configuring a Cluster',315),(1740,'Configuring a Dynamic Cluster',315),(1741,'Web-tier and Cluster Proxies',316),(1742,'Oracle Traffic Director and Oracle HTTP Server',316),(1743,'Configuring a Cluster Proxy',316),(1744,'Configuring Replication Groups',316),(1745,'Cluster Communication Concepts',317),(1746,'Multicast and Unicast',317),(1747,'Replication Channels',317),(1748,'Scaling and Troubleshooting Clusters',317),(1749,'Transaction Overview',318),(1750,'Configuring Transaction Persistence',318),(1751,'Transaction Logs',318),(1752,'Transactions and Persistent Stores',318),(1753,'Monitoring Transactions',318),(1754,'WebLogic Security Architecture',319),(1755,'Configuring an Authentication Provider',319),(1756,'LDAP Authentication',319),(1757,'Troubleshooting Authentication',319),(1758,'Backup/Recovery Concepts',320),(1759,'Backup Types',320),(1760,'Backing Up and Restoring a Domain',320),(1761,'WebLogic Server: Overview',321),(1762,'WebLogic Server Domain',321),(1763,'Administration Server and Managed Server',321),(1764,'Machines, Node Manager, and Clusters',321),(1765,'Start Scripts',321),(1766,'WebLogic Tools: Administration Console and WLST',321),(1767,'Deployment',321),(1768,'Upgrade definition',322),(1769,'Rolling Upgrade',322),(1770,'Rolling Upgrade Process',322),(1771,'Domain Template Review',323),(1772,'Domain Template Concepts',323),(1773,'Extension Template Concepts',323),(1774,'Custom Templates',323),(1775,'Node Manager Review',324),(1776,'Configure Node Manager to Start on System Boot',324),(1777,'Server Automatic Crash Recovery Restart',324),(1778,'Jython Concepts',325),(1779,'WLST Concepts',325),(1780,'Java Management eXtension (JMX) concepts',325),(1781,'Common WLST tasks',325),(1782,'WLS and REST',326),(1783,'Accessing WLS via REST',326),(1784,'WLS REST Operations',326),(1785,'SSL Concepts',327),(1786,'WebLogic SSL Scenarios',327),(1787,'Keystores',327),(1788,'Configuring WebLogic SSL',327),(1789,'Shared Java EE Library Concepts',328),(1790,'Deploying a Shared Library',328),(1791,'Default WebLogic Request Handling',329),(1792,'Work Manager Concepts',329),(1793,'Creating a Work Manager',329),(1794,'Security Review',330),(1795,'Embedded LDAP Authentication System',330),(1796,'Configure Auditing',330),(1797,'Disaster Recovery',331),(1798,'Backing Up the Administration Servers',331),(1799,'Service-Level Migration',331),(1800,'Whole Server Migration',331),(1801,'Introduction to Multitenancy',332),(1802,'Working with Domain Partitions',332),(1803,'General Architecture',333),(1804,'Diagnostic Images',333),(1805,'Harvesters',333),(1806,'Watches and Notifications',333),(1807,'General Architecture',334),(1808,'Diagnostic Images',334),(1809,'Harvesters',334),(1810,'Policies and Actions',334),(1811,'Scaling and WLDF',334),(1812,'Coherence Overview',335),(1813,'Coherence*Web Session Persistence',335),(1814,'Managed Coherence Servers',335),(1815,'Review',336),(1816,'Server staging modes',336),(1817,'Deploying an application to multiple environments',336),(1818,'Java EE deployment descriptors and annotations',336),(1819,'Deployment plans',336),(1820,'Deployment plan tools',336),(1821,'HTTP Sessions and Redeployment',337),(1822,'Redeployment Strategies',337),(1823,'Production Redeployment',337),(1824,'Application Versioning',337),(1825,'Requirements and Restrictions',337),(1826,'Oracle Database Server Architecture: Overview',338),(1827,'Connecting to the Database Instance',338),(1828,'Physical Structure',338),(1829,'Oracle Database Memory Structures: Overview',338),(1830,'Automatic Shared Memory Management',338),(1831,'Automated SQL Execution Memory Management',338),(1832,'Database Storage Architecture, Logical and Physical Database Structures',338),(1833,'Reason for Inefficient SQL Performance',339),(1834,'Performance Monitoring Solutions',339),(1835,'Monitoring and Tuning Tools: Overview',339),(1836,'CPU and Wait Time Tuning Dimensions',339),(1837,'Scalability with Application Design, Implementation, and Configuration',339),(1838,'Common Mistakes on Customer systems & Proactive Tuning Methodology',339),(1839,'Simplicity in Application Design',339),(1840,'Data Modeling, Table Design, Index Design, Using Views, SQL Execution Efficiency, Overview of SQL*Plus & SQL Developer',339),(1841,'Structured Query Language',340),(1842,'SQL Statement Parsing: Overview',340),(1843,'Why Do You Need an Optimizer?',340),(1844,'Optimization During Hard Parse Operation',340),(1845,'Transformer & Estimator',340),(1846,'Cost-Based Optimizer',340),(1847,'Plan Generator',340),(1848,'Controlling the Behavior of the Optimizer, Optimizer Features and Oracle Database Releases',340),(1849,'What Is an Execution Plan? Where To Find Execution Plans and Viewing Execution Plans',341),(1850,'Plan Table & AUTOTRACE',341),(1851,'Using the V$SQL_PLAN View',341),(1852,'Automatic Workload Repository (AWR)',341),(1853,'SQL Monitoring: Overview',341),(1854,'Interpreting an Execution Plan',341),(1855,'Reading More Complex Execution Plans and Reviewing the Execution Plan',341),(1856,'Looking Beyond Execution Plans',341),(1857,'End-to-End Application Tracing Challenge',342),(1858,'Location for Diagnostic Traces',342),(1859,'What is a Service? Use Services with Client Applications & Tracing Services',342),(1860,'Use Enterprise Manager to Trace Services',342),(1861,'Session Level Tracing: Example',342),(1862,'The trcsess Utility and SQL Trace File Contents',342),(1863,'Invoking the tkprof Utility and Output of the tkprof Command',342),(1864,'tkprof Output with and without Index: Example',342),(1865,'Row Source Operations, Main Structures and Access Paths',343),(1866,'Full Table Scan',343),(1867,'Indexes: Overview and B*-tree Indexes and Nulls',343),(1868,'Using Indexes: Considering Nullable Columns',343),(1869,'Index-Organized Tables',343),(1870,'Bitmap Indexes, Bitmap Operations and Bitmap Join Index',343),(1871,'Composite Indexes and Invisible Index',343),(1872,'Guidelines for Managing Indexes and Investigating Index Usage',343),(1873,'Nested Loops Join',344),(1874,'Nested Loops Join: 11g Implementation',344),(1875,'Sort Merge join',344),(1876,'Hash Join and Cartesian Join',344),(1877,'Equijoins and Nonequijoins',344),(1878,'Outer Joins',344),(1879,'Semijoins',344),(1880,'Antijoins',344),(1881,'When Are Clusters Useful?',345),(1882,'Sorting Operators and Buffer Sort Operator',345),(1883,'Inlist Iterator and View Operator',345),(1884,'Count Stop Key Operator',345),(1885,'Min/Max and First Row Operators and Other N-Array Operations',345),(1886,'Filter operations and Concatenation Operations',345),(1887,'UNION [ALL], INTERSECT, MINUS',345),(1888,'Result Cache Operator',345),(1889,'The Star Schema Model and The Snowflake Schema Model',346),(1890,'Star Transformation',346),(1891,'Retrieving Fact Rows from One Dimension and from All Dimensions',346),(1892,'Joining the Intermediate Result Set with Dimensions',346),(1893,'Star Transformation Plan Examples',346),(1894,'Star Transformation Hints',346),(1895,'Using Bitmap Join Indexes',346),(1896,'Bitmap Join Indexes: Join Model 1 to 4',346),(1897,'Types of Optimizer Statistics',347),(1898,'Table, Index and Column Statistics',347),(1899,'Index Clustering Factor',347),(1900,'Histograms, Frequency Histograms and Histogram Considerations',347),(1901,'Multicolumn Statistics and Expression Statistics Overview',347),(1902,'Gathering System Statistics and Statistic Preferences',347),(1903,'Manual Statistics Gathering',347),(1904,'Locking Statistics, Export/Import Statistics and Set Statistics',347),(1905,'Cursor Sharing and Different Literal Values',348),(1906,'Cursor Sharing and Bind Variables',348),(1907,'Bind Variable Peeking',348),(1908,'Cursor Sharing Enhancements',348),(1909,'The CURSOR_SHARING Parameter',348),(1910,'Forcing Cursor Sharing',348),(1911,'Adaptive Cursor Sharing',348),(1912,'Interacting with Adaptive Cursor Sharing',348),(1913,'Tuning SQL Statements Automatically',349),(1914,'Application Tuning Challenges',349),(1915,'SQL Tuning Advisor: Overview',349),(1916,'Stale or Missing Object Statistics and SQL Statement Profiling',349),(1917,'Plan Tuning Flow and SQL Profile Creation',349),(1918,'SQL Tuning Loop, Access Path Analysis and SQL Structure Analysis',349),(1919,'Database Control and SQL Tuning Advisor',349),(1920,'Implementing Recommendations',349),(1921,'SQL Access Advisor: Overview',350),(1922,'Possible Recommendations',350),(1923,'SQL Access Advisor Session: Initial Options',350),(1924,'SQL Access Advisor: Workload Source',350),(1925,'SQL Access Advisor: Recommendation Options',350),(1926,'SQL Access Advisor: Schedule and Review',350),(1927,'SQL Access Advisor: Results',350),(1928,'SQL Access Advisor: Results and Implementation',350),(1929,'SQL Tuning Loop',351),(1930,'Automatic SQL Tuning',351),(1931,'Automatic Tuning Process',351),(1932,'Configuring Automatic SQL Tuning',351),(1933,'Automatic SQL Tuning: Result Summary',351),(1934,'Automatic SQL Tuning: Result Details',351),(1935,'Automatic SQL Tuning Result Details: Drilldown',351),(1936,'Automatic SQL Tuning Considerations',351),(1937,'Maintaining SQL Performance and SQL Plan Management: Overview',352),(1938,'SQL Plan Baseline: Architecture',352),(1939,'Important Baseline SQL Plan Attributes',352),(1940,'SQL Plan Selection',352),(1941,'Possible SQL Plan Manageability Scenarios',352),(1942,'SQL Performance Analyzer and SQL Plan Baseline Scenario',352),(1943,'Loading a SQL Plan Baseline Automatically and Purging SQL Management Base Policy',352),(1944,'Loading a SQL Plan Baseline Automatically and Purging SQL Management Base Policy',352),(1945,'Enterprise Manager and SQL Plan Baselines',352),(1946,'Introduction to Oracle Solaris 11 OS',353),(1947,'Planning for Oracle Solaris 11 OS installation',353),(1948,'Installing Oracle Solaris 11 OS by Using the Live Media Installer',353),(1949,'Installing Oracle Solaris 11 OS Using the Text Installer',353),(1950,'Verifying the OS Installation',353),(1951,'Analyze the boot design and boot process',354),(1952,'Boot a SPARC-based system',354),(1953,'Boot an x86-based system',354),(1954,'Shut down a system',354),(1955,'Describing SMF and its components',355),(1956,'Administering SMF Services',355),(1957,'Describing IPS, its components, and interfaces',356),(1958,'Configuring an IPS Client to Access the Local IPS Repository',356),(1959,'Managing Package Publishers',356),(1960,'Managing Software Packages',356),(1961,'Managing Signed Packages and Package Properties',356),(1962,'Describe the use of IPS in packaging the Oracle Solaris OS',356),(1963,'Manage boot environments',356),(1964,'Updating the OS by using IPS',356),(1965,'Introducing ZFS',357),(1966,'Administering ZFS Storage Pools',357),(1967,'Administering ZFS File Systems',357),(1968,'Administering ZFS Properties',357),(1969,'Administering ZFS Snapshots and Clones',357),(1970,'Reviewing Networking Fundamentals',358),(1971,'Administering Datalink Configuration',358),(1972,'Administering a Network Interface',358),(1973,'Administering Profile-Based Network Configuration',358),(1974,'Configuring a Virtual Network',358),(1975,'Verifying the Network Operations',358),(1976,'Managing Resources on the Virtual Network',358),(1977,'Introducing Oracle Solaris Zones',359),(1978,'Configuring an Oracle Solaris Zone',359),(1979,'Determining an Oracle Solaris Zone Configuration',359),(1980,'Controlling Access to Systems',360),(1981,'Controlling Access to Files',360),(1982,'Securing Access to Remote Host',360),(1983,'Getting Started with the User Administration',361),(1984,'Setting Up User Accounts',361),(1985,'Maintaining User Accounts',361),(1986,'Configuring User Disk Quotas',361),(1987,'Managing System Processes',362),(1988,'Scheduling System Administration Tasks',362),(1989,'Creating Oracle GoldenGate Topologies',363),(1990,'Reviewing Oracle GoldenGate Use Cases',363),(1991,'Assembling Building Blocks',363),(1992,'Listing Supported OS',363),(1993,'Listing Supported Databases',363),(1994,'Listing the Oracle GoldengGate Product Line',363),(1995,'Describing GUI Management Options',363),(1996,'Listing Non-Database Sources and Targets',363),(1997,'Describing Oracle GoldenGate Process Groups',364),(1998,'Explaining Change Capture and Delivery (with and without a Data Pump)',364),(1999,'Explaining Initial Data Load',364),(2000,'Contrasting Batch and Online Operation',364),(2001,'Explaining Oracle GoldenGate Checkpointing',364),(2002,'Describing Commit Sequence Numbers (CSN)',364),(2003,'Describing Oracle GoldenGate Files and Directories',364),(2004,'Listing System Requirements',365),(2005,'Performing Installation',365),(2006,'Configuring Environment Variables',365),(2007,'Using GGSCI',365),(2008,'Running Oracle GoldenGate from the OS shell.',365),(2009,'Reviewing Configuration Overview',366),(2010,'Configuring Manager Process',366),(2011,'Creating Source Definitions',366),(2012,'Preparing the Source Database',366),(2013,'Assigning Oracle Database Roles/Privileges Required',366),(2014,'Using DBMS_GOLDENGATE_AUTH Package',366),(2015,'Reviewing Extract Overview',367),(2016,'Accessing Logs on Oracle ASM',367),(2017,'Accessing Logs Remotely',367),(2018,'Configuring Extract Tasks',367),(2019,'Adding Extract Group',367),(2020,'Editing Extract Parameters',367),(2021,'Extracting Use of Archived Transaction Logs',367),(2022,'Adding Trails',367),(2023,'Reviewing Replicat Overview',368),(2024,'Configuring Replicat Tasks',368),(2025,'Configuring a Sample Environment',368),(2026,'Configuring New Integrated Replicat',368),(2027,'Reviewing Extract Trails and Files Overview',369),(2028,'Describing Trail Formats',369),(2029,'Using Logdump for Viewing Trails',369),(2030,'Reversing the Trail Sequence',369),(2031,'Configuring and Using Data Pumps',369),(2032,'Oracle GoldenGate Methods',370),(2033,'Listing Database-specific Methods',370),(2034,'Describing Resource Limitations',370),(2035,'Listing Advantages of Oracle GoldenGate Methods',370),(2036,'Configuring File Load Methods',370),(2037,'Configuring Direct Load Methods',370),(2038,'Handling Collisions with Initial Load',370),(2039,'Editing Parameter Files',371),(2040,'Contrasting GLOBALS versus Process Parameters',371),(2041,'Configuring GLOBALS Parameters',371),(2042,'Configuring Manager Parameters',371),(2043,'Configuring Extract Parameters',371),(2044,'Configuring Replicat Parameters',371),(2045,'Filtering and Data Selection',372),(2046,'Mapping Columns Between Different Schemas',372),(2047,'Using Built-in \"@\" (at) Functions',372),(2048,'Using SQLEXEC to Interact Directly with a Database',372),(2049,'Configuring New Coordinated Replicat',372),(2050,'Configuring and Using Macros',373),(2051,'Configuring and Using User Tokens',373),(2052,'Configuring and Using User Exits',373),(2053,'Configuring and Using Oracle Sequences',373),(2054,'Configuring and Using BATCHSQL',374),(2055,'Configuring and Using Compression',374),(2056,'Configuring and Using Encryption',374),(2057,'Configuring and Using Event Actions',374),(2058,'Configuring New Wallet Security',374),(2059,'Reviewing Bidirectional Considerations',375),(2060,'Detecting Loops',375),(2061,'Avoiding Conflicts',375),(2062,'Configuring and Using Conflict Detection and Resolution',375),(2063,'Describing Identity Types Issues',375),(2068,'Reviewing Data Description Language Replication Overview',376),(2069,'Configuring and Using Options for DDL Replication',376),(2070,'Configuring and Using String Substitution in DDL',376);
/*!40000 ALTER TABLE `subtopic` ENABLE KEYS */;
UNLOCK TABLES;

--
-- Table structure for table `temp`
--

DROP TABLE IF EXISTS `temp`;
/*!40101 SET @saved_cs_client     = @@character_set_client */;
 SET character_set_client = utf8mb4 ;
CREATE TABLE `temp` (
  `name` varchar(30) DEFAULT NULL
) ENGINE=InnoDB DEFAULT CHARSET=latin1;
/*!40101 SET character_set_client = @saved_cs_client */;

--
-- Dumping data for table `temp`
--

LOCK TABLES `temp` WRITE;
/*!40000 ALTER TABLE `temp` DISABLE KEYS */;
INSERT INTO `temp` VALUES ('CDBA');
/*!40000 ALTER TABLE `temp` ENABLE KEYS */;
UNLOCK TABLES;

--
-- Table structure for table `topic`
--

DROP TABLE IF EXISTS `topic`;
/*!40101 SET @saved_cs_client     = @@character_set_client */;
 SET character_set_client = utf8mb4 ;
CREATE TABLE `topic` (
  `topic_id` int(11) NOT NULL AUTO_INCREMENT,
  `topic` varchar(300) NOT NULL,
  `modulecode` varchar(50) NOT NULL,
  PRIMARY KEY (`topic_id`),
  KEY `modulecode` (`modulecode`),
  CONSTRAINT `topic_ibfk_1` FOREIGN KEY (`modulecode`) REFERENCES `module` (`modulecode`)
) ENGINE=InnoDB AUTO_INCREMENT=377 DEFAULT CHARSET=latin1;
/*!40101 SET character_set_client = @saved_cs_client */;

--
-- Dumping data for table `topic`
--

LOCK TABLES `topic` WRITE;
/*!40000 ALTER TABLE `topic` DISABLE KEYS */;
INSERT INTO `topic` VALUES (1,'Introduction','D83527GC10S'),(2,'What Is a Java Program? ','D83527GC10S'),(3,'Creating a Java Main Class','D83527GC10S'),(4,'Data','D83527GC10S'),(5,'Managing Multiple Items','D83527GC10S'),(6,'Describing Objects and Classes','D83527GC10S'),(7,'Manipulating and Formatting the Data in Your Program','D83527GC10S'),(8,'Creating and Using Methods','D83527GC10S'),(9,'Using Encapsulation','D83527GC10S'),(10,'More on Conditionals','D83527GC10S'),(11,'Working with Arrays, Loops, and Dates','D83527GC10S'),(12,'Using Inheritance','D83527GC10S'),(13,'Using Interfaces','D83527GC10S'),(14,'Handling Exceptions','D83527GC10S'),(16,'Java Platform Overview','D84838GC10S'),(17,'Java Syntax and Class Review','D84838GC10S'),(18,'Encapsulation and Subclassing','D84838GC10S'),(19,'Overriding Methods, Polymorphism, and Static Classes','D84838GC10S'),(20,'Abstract and Nested Classes','D84838GC10S'),(21,'Interfaces and Lambda Expressions','D84838GC10S'),(22,'Collections and Generics','D84838GC10S'),(23,'Collections Streams, and Filters','D84838GC10S'),(24,'Lambda Built-in Functional Interfaces','D84838GC10S'),(25,'Lambda Operations','D84838GC10S'),(26,'Exceptions and Assertions','D84838GC10S'),(27,'Java Date/Time API','D84838GC10S'),(28,'I/O Fundamentals','D84838GC10S'),(29,'File I/O (NIO.2)','D84838GC10S'),(30,'Concurrency','D84838GC10S'),(31,'The Fork-Join Framework','D84838GC10S'),(32,'Parallel Streams','D84838GC10S'),(33,'Database Applications with JDBC','D84838GC10S'),(34,'Localization','D84838GC10S'),(38,'Introduction','D80174GC11S'),(39,'Retrieving Data using the SQL SELECT Statement','D80174GC11S'),(40,'Restricting and Sorting Data','D80174GC11S'),(41,'Using Single-Row Functions to Customize Output','D80174GC11S'),(42,'Using Conversion Functions and Conditional Expressions','D80174GC11S'),(43,'Reporting Aggregated Data Using the Group Functions','D80174GC11S'),(44,'Displaying Data from Multiple Tables Using Joins','D80174GC11S'),(45,'Using Subqueries to Solve Queries','D80174GC11S'),(46,'Using the SET Operators','D80174GC11S'),(47,'Managing Tables using DML statements','D80174GC11S'),(48,'Introduction to Data Definition Language','D80174GC11S'),(49,'Introduction to Data Dictionary Views','D80174GC11S'),(50,'Creating Sequences, Synonyms, Indexes','D80174GC11S'),(51,'Creating Views','D80174GC11S'),(52,'Managing Schema Objects','D80174GC11S'),(53,'Retrieving Data by Using Subqueries','D80174GC11S'),(54,'Manipulating Data by Using Subqueries','D80174GC11S'),(55,'Controlling User Access','D80174GC11S'),(56,'Manipulating Data','D80174GC11S'),(57,'Managing Data in Different Time Zones','D80174GC11S'),(58,'Introduction','D80186GC11S'),(59,'Introduction to PL/SQL','D80186GC11S'),(60,'Declare PL/SQL Variables','D80186GC11S'),(61,'Write Anonymous PL/SQL Blocks','D80186GC11S'),(62,'SQL Statements in a PL/SQL block','D80186GC11S'),(63,'Control Structures','D80186GC11S'),(64,'Composite Data Types','D80186GC11S'),(65,'Explicit Cursors','D80186GC11S'),(66,'Exception Handling','D80186GC11S'),(67,'Stored Procedures','D80186GC11S'),(68,'Stored Functions','D80186GC11S'),(69,'Debugging Subprograms','D80186GC11S'),(70,'Packages','D80186GC11S'),(71,'Deploying Packages','D80186GC11S'),(72,'Implement Oracle-Supplied Packages in Application Development','D80186GC11S'),(73,'Dynamic SQL','D80186GC11S'),(74,'Design Considerations for PL/SQL Code','D80186GC11S'),(75,'Triggers','D80186GC11S'),(76,'Creating Compound, DDL, and Event Database Triggers','D80186GC11S'),(77,'PL/SQL Compiler','D80186GC11S'),(78,'Manage Dependencies','D80186GC11S'),(79,'Introduction','D78846GC20S'),(80,'Exploring the oracle database Architecture','D78846GC20S'),(81,'Oracle database management tools','D78846GC20S'),(82,'Managing the Database Instance','D78846GC20S'),(83,'Administering user security','D78846GC20S'),(84,'Managing  Database storage structures','D78846GC20S'),(85,'Managing Space','D78846GC20S'),(86,'Managing undo data','D78846GC20S'),(87,'Managing data Concurrency','D78846GC20S'),(88,'Implementing Oracle Database Auditing','D78846GC20S'),(89,'Configuring the Oracle Network Environment','D78846GC20S'),(90,'Backup and Recovery Concepts','D78846GC20S'),(91,'Backup and Recovery: configuration','D78846GC20S'),(92,'Performing Database Backups','D78846GC20S'),(93,'Performing Database Recovery','D78846GC20S'),(94,'Moving data','D78846GC20S'),(95,'Performing Database Maintenance','D78846GC20S'),(96,'Managing Performance','D78846GC20S'),(97,'Managing Performance :SQL Tuning','D78846GC20S'),(98,'Using Resource Manger','D78846GC20S'),(99,'Using Oracle Scheduler','D78846GC20S'),(100,'Introduction','D78850GC20S'),(101,'Getting Started','D78850GC20S'),(102,'Configuring for Recoverability','D78850GC20S'),(103,'Using the RMAN Recovery Catalog','D78850GC20S'),(104,'Backup Strategies and Terminology','D78850GC20S'),(105,'Performing Backups','D78850GC20S'),(106,'Improving backups','D78850GC20S'),(107,'Creating RMAN-Encrypted Backups','D78850GC20S'),(108,'Diagnosing Failures','D78850GC20S'),(109,'Restore and Recovery Concepts','D78850GC20S'),(110,'Performing Recovery, part 1','D78850GC20S'),(111,'Performing Recovery, part 2','D78850GC20S'),(112,'RMAN and Oracle Secure backup','D78850GC20S'),(113,'Using Flashback Technologies','D78850GC20S'),(114,'Flashback Database','D78850GC20S'),(115,'Transporting Data','D78850GC20S'),(116,'Performing Point-intime Recovery','D78850GC20S'),(117,'Duplicating a Database','D78850GC20S'),(118,'RMAN Troubleshooting &Tuning','D78850GC20S'),(119,'Grid Infrastructure Overview and Review','D81250GC10S'),(120,'RAC Databases Overview & Architecture','D81250GC10S'),(121,'Installing and Configuring Oracle RAC','D81250GC10S'),(122,'Oracle RAC Administration','D81250GC10S'),(123,'Managing Backup and Recovery for RAC','D81250GC10S'),(124,'RAC Backup and Recovery','D81250GC10S'),(125,'RAC Global Resource Management and Cache Fusion','D81250GC10S'),(126,'RAC Database Monitoring and Tuning','D81250GC10S'),(127,'Managing High Availability of Services in a RAC Environment','D81250GC10S'),(128,'Managing High Availability of Connections','D81250GC10S'),(129,'Application Continuity','D81250GC10S'),(130,'RAC One Node','D81250GC10S'),(131,'Multitenant Architecture and RAC','D81250GC10S'),(132,'Introduction','D79128GC10S'),(133,'Basic of Multitenant Container Database and Pluggable Databases','D79128GC10S'),(134,'Creating a Multitenant Container Database and Pluggable Databases','D79128GC10S'),(135,'Managing a Multitenant Container Database and Pluggable Databases','D79128GC10S'),(136,'Managing Tablespaces in CDB and PDBs','D79128GC10S'),(137,'Managing Security in CDB and PDBs','D79128GC10S'),(138,'Backup, Recovery, Flashback CDB and PDBs','D79128GC10S'),(139,'Performance','D79128GC10S'),(140,'Miscellaneous','D79128GC10S'),(144,'Introduction','D61762GC10S'),(145,'MySQL Architecture','D61762GC10S'),(146,'The MySQL Server','D61762GC10S'),(147,'Configuring the MySQL Server','D61762GC10S'),(148,'MySQL Clients','D61762GC10S'),(149,'Overview of Data Types','D61762GC10S'),(150,'Metadata','D61762GC10S'),(151,'Storage Engines','D61762GC10S'),(152,'Partitioning','D61762GC10S'),(153,'Transactions and Locking','D61762GC10S'),(154,'Security and User Management','D61762GC10S'),(155,'Table Maintenance','D61762GC10S'),(156,'Exporting and Importing Data','D61762GC10S'),(157,'Programming with MySQL','D61762GC10S'),(158,'Views','D61762GC10S'),(159,'Backup and Recovery','D61762GC10S'),(160,'Introduction to Performance Tuning','D61762GC10S'),(161,'Introduction to High Availability','D61762GC10S'),(162,'Introduction','D84842GC10S'),(163,'Web Application Essentials','D84842GC10S'),(164,'JavaScript Fundamentals','D84842GC10S'),(165,'Combining HTML5 and JavaScript in Web Applications','D84842GC10S'),(166,'The JavaScript API','D84842GC10S'),(167,'Web Application Data','D84842GC10S'),(168,'Style Applications using CSS3 and JavaScript','D84842GC10S'),(169,'Advanced JavaScript','D84842GC10S'),(170,'AJAX and WebSocket','D84842GC10S'),(171,'Developing Applications with jQuery','D84842GC10S'),(172,'Introduction to Java Servlets','D65271GC11S'),(173,'Introduction to Java Server Pages','D65271GC11S'),(174,'Implementing an MVC Design','D65271GC11S'),(175,'The servlet\'s environment','D65271GC11S'),(176,'Container facilities for servlets and JSPs','D65271GC11S'),(177,'More view facilities','D65271GC11S'),(178,'Developing JSP pages','D65271GC11S'),(179,'Developing JSP pages using custom tags','D65271GC11S'),(181,'More Controller facilities','D65271GC11S'),(182,'More options for the Model','D65271GC11S'),(183,'Asynchronous web applications','D65271GC11S'),(184,'Web application security','D65271GC11S'),(185,'Introduction','D100'),(186,'Setting up the environment','D100'),(187,'Ionic UI Development','D100'),(188,'Ionic Native','D100'),(189,'Theming and Storage','D100'),(190,'End to end mobile application development with IONIC and Angular 4','D100'),(191,'Introduction','D101'),(192,'Node Project','D101'),(193,'FileSystem','D101'),(194,'Modules','D101'),(195,'Working with HTTP and EXPRESS','D101'),(196,'Data Operations','D101'),(197,'HTML Fundamentals','D102'),(198,'Cascading Style sheet','D102'),(199,'JavaScript basics','D102'),(200,'More on JavaScript','D102'),(201,'JavaScript objects and DOM','D102'),(202,'More on DOM','D102'),(203,'HTML5 Features','D102'),(204,'CSS3 Features','D102'),(205,'Responsive Web design using Bootstrap','D102'),(206,'More HTML5 Features','D102'),(207,'JSON ','D102'),(208,'Introduction to TypeScript and ES6','D103'),(209,'Introduction to Angular 4','D103'),(210,'Components','D103'),(211,'Templates','D103'),(212,'Component Communication and Hierarchy','D103'),(213,'Dependency Injection and Services','D103'),(214,'Http and Observables','D103'),(215,'Pipes','D103'),(216,'Custom Directives','D103'),(217,'Routing','D103'),(218,'Form Handling','D103'),(219,'Internationalization','D103'),(220,'Security','D103'),(221,'Testing your application','D103'),(222,'Introduction to Oracle Data Guard','D79232GC10S'),(224,'Networking for Oracle Data Guard','D79232GC10S'),(225,'Creating a Physical Standby Database by Using SQL and RMAN Commands','D79232GC10S'),(226,'Oracle Data Guard Broker: Overview','D79232GC10S'),(227,'Creating a Data Guard Broker Configuration','D79232GC10S'),(228,'Creating a Physical Standby Database by Using Enterprise Manager Cloud Control','D79232GC10S'),(229,'Creating a Logical Standby Database','D79232GC10S'),(230,'Creating and Managing a Snapshot Standby Database','D79232GC10S'),(231,'Using Oracle Active Data Guard','D79232GC10S'),(232,'Configuring Data Protection Modes','D79232GC10S'),(233,'Performing Role Transitions','D79232GC10S'),(234,'Using Flashback Database in a Data Guard Configuration','D79232GC10S'),(235,'Enabling Fast-Start Failover','D79232GC10S'),(236,'Managing Client Connectivity','D79232GC10S'),(237,'Backup and Recovery Considerations in an Oracle Data Guard Configuration','D79232GC10S'),(238,'Patching and Upgrading Databases in a Data Guard Configuration','D79232GC10S'),(239,'Monitoring a Data Guard Broker Configuration','D79232GC10S'),(240,'Optimizing a Data Guard Configuration','D79232GC10S'),(241,'Oracle Database Exadata Cloud Service Overview','D79232GC10S'),(242,'Course Introduction','D88168GC10S'),(243,'Introduction to Oracle Linux','D88168GC10S'),(244,'Installing Oracle Linux 7','D88168GC10S'),(245,'Oracle Linux 7 Boot Process','D88168GC10S'),(246,'System Configuration','D88168GC10S'),(247,'Package Management','D88168GC10S'),(248,'Ksplice','D88168GC10S'),(249,'Automate Tasks','D88168GC10S'),(250,'Kernel Module Configuration','D88168GC10S'),(251,'User and Group Administration','D88168GC10S'),(252,'Partitions, File Systems, and Swap','D88168GC10S'),(253,'Implementing the XFS File System','D88168GC10S'),(254,'Implementing the Btrfs File System','D88168GC10S'),(255,'Storage Administration','D88168GC10S'),(256,'Network Configuration','D88168GC10S'),(257,'File Sharing','D88168GC10S'),(258,'OpenSSH Service','D88168GC10S'),(259,'Security Administration','D88168GC10S'),(260,'Oracle on Oracle','D88168GC10S'),(261,'System Monitoring & System Logging','D88168GC10S'),(262,'Troubleshooting','D88168GC10S'),(263,'Oracle Cloud Computing','D88168GC10S'),(264,'Introduction','D50317GC20S'),(265,'Basic Tuning Tools','D50317GC20S'),(266,'Using Automatic Workload Repository','D50317GC20S'),(267,'Defining Problems','D50317GC20S'),(268,'Using Metrics and Alerts','D50317GC20S'),(269,'Using Baselines','D50317GC20S'),(270,'Using AWR Based Tools','D50317GC20S'),(271,'Monitoring an Application','D50317GC20S'),(272,'Identifying Problem SQL Statements','D50317GC20S'),(273,'Influencing the Optimizer','D50317GC20S'),(274,'Using SQL Performance Analyzer','D50317GC20S'),(275,'SQL Performance Management','D50317GC20S'),(276,'Using Database Replay','D50317GC20S'),(277,'Tuning the Shared Pool','D50317GC20S'),(278,'Tuning the Buffer Cache','D50317GC20S'),(279,'Tuning PGA and Temporary Space','D50317GC20S'),(280,'Automatic Memory Management','D50317GC20S'),(281,'Tuning Segment Space Usage','D50317GC20S'),(282,'Tuning I/O','D50317GC20S'),(283,'Performance Tuning Summary','D50317GC20S'),(284,'Introduction','D79236GC10S'),(285,'Basic Tuning Diagnostics','D79236GC10S'),(286,'Using Automatic Workload Repository','D79236GC10S'),(287,'Defining the Scope of Performance Issues','D79236GC10S'),(288,'Using Metrics and Alerts','D79236GC10S'),(289,'Using Baselines','D79236GC10S'),(290,'Using AWR-Based Tools','D79236GC10S'),(291,'Real-Time Database Operation Monitoring','D79236GC10S'),(292,'Monitoring Applications','D79236GC10S'),(293,'Identifying Problem SQL Statements','D79236GC10S'),(294,'Influencing the Optimizer','D79236GC10S'),(295,'Reducing the Cost of SQL Operations','D79236GC10S'),(296,'Using SQL Performance Analyzer','D79236GC10S'),(297,'SQL Performance Management','D79236GC10S'),(298,'Using Database Replay','D79236GC10S'),(299,'Tuning the Shared Pool','D79236GC10S'),(300,'Tuning the Buffer Cache','D79236GC10S'),(301,'Tuning PGA and Temporary Space','D79236GC10S'),(302,'Automatic Memory','D79236GC10S'),(303,'Performance Tuning Summary with Waits','D79236GC10S'),(304,'Oracle Database Cloud Service: Overview','D79236GC10S'),(305,'WebLogic Server Overview','D80149GC20'),(306,'Installing and Patching WebLogic Server','D80149GC20'),(307,'Creating Domains','D80149GC20'),(308,'Starting Servers','D80149GC20'),(309,'Using the Administration Console','D80149GC20'),(310,'Configuring JDBC','D80149GC20'),(311,'Monitoring a Domain','D80149GC20'),(312,'Node Manager','D80149GC20'),(313,'Deploying Applications','D80149GC20'),(314,'Network Channels and Virtual Hosts','D80149GC20'),(315,'Clusters: Overview, Create, & Config','D80149GC20'),(316,'Clusters: Proxies & Sessions','D80149GC20'),(317,'Clusters: Communication, Planning & Troubleshooting','D80149GC20'),(318,'Transactions','D80149GC20'),(319,'WebLogic Server Security','D80149GC20'),(320,'Backing Up a Domain and Upgrading WebLogic Server','D80149GC20'),(321,'WebLogic Server Review','D80153GC20S'),(322,'Upgrading WebLogic Server','D80153GC20S'),(323,'Creating and Using Domain Templates','D80153GC20S'),(324,'WebLogic Server Startup and Crash Recover','D80153GC20S'),(325,'WebLogic Scripting Tool (WLST)','D80153GC20S'),(326,'WebLogic Server and REST','D80153GC20S'),(327,'Secure Sockets Layer (SSL)','D80153GC20S'),(328,'Shared Java EE Libraries','D80153GC20S'),(329,'Application Work Managers','D80153GC20S'),(330,'Security Realms','D80153GC20S'),(331,'Disaster Recovery and Migration','D80153GC20S'),(332,'Domain Partitions','D80153GC20S'),(333,'Managing Data Sources','D80153GC20S'),(334,'Diagnostic Framework','D80153GC20S'),(335,'Coherence','D80153GC20S'),(336,'(Optional)Application Staging and Deployment Plans','D80153GC20S'),(337,'(Optional)Production Redeployment','D80153GC20S'),(338,'Exploring the Oracle Database Architecture','D52163GC20S'),(339,'Introduction to SQL Tuning','D52163GC20S'),(340,'Introduction to the Optimizer','D52163GC20S'),(341,'Interpreting Execution Plans','D52163GC20S'),(342,'Application Tracing','D52163GC20S'),(343,'Optimizer: Table and Index Operations','D52163GC20S'),(344,'Optimizer Join Methods','D52163GC20S'),(345,'Optimizer: Other Operators','D52163GC20S'),(346,'Case Study: Star Transformation','D52163GC20S'),(347,'Optimizer Statistics','D52163GC20S'),(348,'Using Bind Variables','D52163GC20S'),(349,'Using SQL Tuning Advisor','D52163GC20S'),(350,'Using SQL Access Advisor','D52163GC20S'),(351,'Using Automatic SQL Tuning','D52163GC20S'),(352,'SQL Performance Management','D52163GC20S'),(353,'Installing Oracle Solaris 11 Operating System','D72896GC60S'),(354,'Managing Boot and Shutdown of Systems','D72896GC60S'),(355,'Administering Services by Using SMF','D72896GC60S'),(356,'Administering Software Packages by Using IPS and Managing Boot Environments','D72896GC60S'),(357,'Managing Data by Using ZFS','D72896GC60S'),(358,'Administering the Network','D72896GC60S'),(359,'Administering Oracle Solaris Zones','D72896GC60S'),(360,'Controlling Access to Systems and Files','D72896GC60S'),(361,'Administering User Accounts','D72896GC60S'),(362,'Managing System Processes and System Tasks','D72896GC60S'),(363,'Technology Overview','D84357GC10S'),(364,'Oracle GoldenGate Architecture','D84357GC10S'),(365,'Installing Oracle GoldenGate','D84357GC10S'),(366,'Configuration Overview and Preparing the Environment','D84357GC10S'),(367,'Configuring Change Capture (Extract)','D84357GC10S'),(368,'Configuring Change Delivery (Replicat)','D84357GC10S'),(369,'Configuring Extract Trails and Files (Data Pump)','D84357GC10S'),(370,'Performing Initial Load','D84357GC10S'),(371,'Editing Configuration Parameters','D84357GC10S'),(372,'Filtering and Data Selection','D84357GC10S'),(373,'Additional Transformation Concepts','D84357GC10S'),(374,'Configuration Options','D84357GC10S'),(375,'Bidirectional Replication','D84357GC10S'),(376,'DDL Replication','D84357GC10S');
/*!40000 ALTER TABLE `topic` ENABLE KEYS */;
UNLOCK TABLES;

--
-- Table structure for table `trainer`
--

DROP TABLE IF EXISTS `trainer`;
/*!40101 SET @saved_cs_client     = @@character_set_client */;
 SET character_set_client = utf8mb4 ;
CREATE TABLE `trainer` (
  `trainercode` decimal(6,0) NOT NULL,
  `name` varchar(30) NOT NULL,
  `contact` varchar(12) NOT NULL,
  `email` varchar(30) NOT NULL,
  `type` varchar(30) NOT NULL,
  PRIMARY KEY (`trainercode`)
) ENGINE=InnoDB DEFAULT CHARSET=latin1;
/*!40101 SET character_set_client = @saved_cs_client */;

--
-- Dumping data for table `trainer`
--

LOCK TABLES `trainer` WRITE;
/*!40000 ALTER TABLE `trainer` DISABLE KEYS */;
/*!40000 ALTER TABLE `trainer` ENABLE KEYS */;
UNLOCK TABLES;
/*!40103 SET TIME_ZONE=@OLD_TIME_ZONE */;

/*!40101 SET SQL_MODE=@OLD_SQL_MODE */;
/*!40014 SET FOREIGN_KEY_CHECKS=@OLD_FOREIGN_KEY_CHECKS */;
/*!40014 SET UNIQUE_CHECKS=@OLD_UNIQUE_CHECKS */;
/*!40101 SET CHARACTER_SET_CLIENT=@OLD_CHARACTER_SET_CLIENT */;
/*!40101 SET CHARACTER_SET_RESULTS=@OLD_CHARACTER_SET_RESULTS */;
/*!40101 SET COLLATION_CONNECTION=@OLD_COLLATION_CONNECTION */;
/*!40111 SET SQL_NOTES=@OLD_SQL_NOTES */;

-- Dump completed on 2019-01-18 13:30:51
